ISO-10303-21;
HEADER;
/* Generated by software containing ST-Developer
 * from STEP Tools, Inc. (www.steptools.com) 
 */

FILE_DESCRIPTION(
/* description */ (''),
/* implementation_level */ '2;1');

FILE_NAME(
/* name */ 'MAE148_Titlted_Camera_Assembly.step',
/* time_stamp */ '2026-09-04T18:42:11-07:00',
/* author */ (''),
/* organization */ (''),
/* preprocessor_version */ 'ST-DEVELOPER v20.1',
/* originating_system */ 'Autodesk Translation Framework v15.8.0.0',
/* authorisation */ '');

FILE_SCHEMA (('AUTOMOTIVE_DESIGN { 1 0 10303 214 3 1 1 }'));
ENDSEC;

DATA;
#10=MECHANICAL_DESIGN_GEOMETRIC_PRESENTATION_REPRESENTATION('',(#23,#24),
#2420);
#11=ITEM_DEFINED_TRANSFORMATION($,$,#1386,#1529);
#12=ITEM_DEFINED_TRANSFORMATION($,$,#1450,#1530);
#13=(
REPRESENTATION_RELATIONSHIP($,$,#2437,#2436)
REPRESENTATION_RELATIONSHIP_WITH_TRANSFORMATION(#11)
SHAPE_REPRESENTATION_RELATIONSHIP()
);
#14=(
REPRESENTATION_RELATIONSHIP($,$,#2438,#2436)
REPRESENTATION_RELATIONSHIP_WITH_TRANSFORMATION(#12)
SHAPE_REPRESENTATION_RELATIONSHIP()
);
#15=CONTEXT_DEPENDENT_SHAPE_REPRESENTATION(#13,#2434);
#16=CONTEXT_DEPENDENT_SHAPE_REPRESENTATION(#14,#2435);
#17=NEXT_ASSEMBLY_USAGE_OCCURRENCE('MAE148_Titlted_Camera_Wheel:1',
'MAE148_Titlted_Camera_Wheel:1','MAE148_Titlted_Camera_Wheel:1',#2440,#2441,
'MAE148_Titlted_Camera_Wheel:1');
#18=NEXT_ASSEMBLY_USAGE_OCCURRENCE('MAE148_Titlted_Camera:1',
'MAE148_Titlted_Camera:1','MAE148_Titlted_Camera:1',#2440,#2442,
'MAE148_Titlted_Camera:1');
#19=SHAPE_REPRESENTATION_RELATIONSHIP('SRR','None',#2437,#21);
#20=SHAPE_REPRESENTATION_RELATIONSHIP('SRR','None',#2438,#22);
#21=ADVANCED_BREP_SHAPE_REPRESENTATION('',(#25),#2418);
#22=ADVANCED_BREP_SHAPE_REPRESENTATION('',(#26),#2419);
#23=STYLED_ITEM('',(#2455),#25);
#24=STYLED_ITEM('',(#2455),#26);
#25=MANIFOLD_SOLID_BREP('Body1',#1360);
#26=MANIFOLD_SOLID_BREP('Body6',#1361);
#27=TOROIDAL_SURFACE('',#1401,0.55,0.1);
#28=TOROIDAL_SURFACE('',#1414,0.55,0.1);
#29=ELLIPSE('',#1399,0.14142135623731,0.1);
#30=ELLIPSE('',#1413,0.141421356237309,0.1);
#31=ELLIPSE('',#1471,0.282842712474619,0.2);
#32=ELLIPSE('',#1472,0.282842712474619,0.2);
#33=ELLIPSE('',#1475,0.28284271247462,0.2);
#34=ELLIPSE('',#1476,0.28284271247462,0.2);
#35=ELLIPSE('',#1478,0.282842712474619,0.2);
#36=ELLIPSE('',#1479,0.282842712474619,0.2);
#37=ELLIPSE('',#1488,0.282842712474619,0.2);
#38=ELLIPSE('',#1490,0.282842712474619,0.2);
#39=B_SPLINE_SURFACE_WITH_KNOTS('',3,3,((#2010,#2011,#2012,#2013,#2014,
#2015),(#2016,#2017,#2018,#2019,#2020,#2021),(#2022,#2023,#2024,#2025,#2026,
#2027),(#2028,#2029,#2030,#2031,#2032,#2033),(#2034,#2035,#2036,#2037,#2038,
#2039)),.UNSPECIFIED.,.F.,.F.,.F.,(4,1,4),(4,1,1,4),(0.,0.571428571428571,
1.),(0.532507965095597,0.672270077182448,0.95179430135615,1.51084274970355),
 .UNSPECIFIED.);
#40=B_SPLINE_SURFACE_WITH_KNOTS('',3,3,((#2048,#2049,#2050,#2051,#2052,
#2053),(#2054,#2055,#2056,#2057,#2058,#2059),(#2060,#2061,#2062,#2063,#2064,
#2065),(#2066,#2067,#2068,#2069,#2070,#2071),(#2072,#2073,#2074,#2075,#2076,
#2077)),.UNSPECIFIED.,.F.,.F.,.F.,(4,1,4),(4,1,1,4),(0.,0.571428571428571,
1.),(0.532532811999122,0.67229151167365,0.951808911022706,1.51084370972082),
 .UNSPECIFIED.);
#41=FACE_BOUND('',#185,.T.);
#42=FACE_BOUND('',#186,.T.);
#43=FACE_BOUND('',#203,.T.);
#44=FACE_BOUND('',#204,.T.);
#45=FACE_BOUND('',#207,.T.);
#46=FACE_BOUND('',#209,.T.);
#47=FACE_BOUND('',#223,.T.);
#48=FACE_BOUND('',#224,.T.);
#49=FACE_BOUND('',#226,.T.);
#50=FACE_BOUND('',#227,.T.);
#51=FACE_BOUND('',#228,.T.);
#52=FACE_BOUND('',#229,.T.);
#53=FACE_BOUND('',#230,.T.);
#54=FACE_BOUND('',#232,.T.);
#55=FACE_BOUND('',#233,.T.);
#56=FACE_BOUND('',#234,.T.);
#57=FACE_BOUND('',#235,.T.);
#58=FACE_BOUND('',#236,.T.);
#59=FACE_BOUND('',#247,.T.);
#60=FACE_BOUND('',#248,.T.);
#61=FACE_BOUND('',#249,.T.);
#62=FACE_BOUND('',#250,.T.);
#63=FACE_BOUND('',#251,.T.);
#64=FACE_BOUND('',#252,.T.);
#65=FACE_BOUND('',#258,.T.);
#66=FACE_BOUND('',#259,.T.);
#67=FACE_BOUND('',#260,.T.);
#68=FACE_BOUND('',#261,.T.);
#69=FACE_BOUND('',#262,.T.);
#70=FACE_BOUND('',#278,.T.);
#71=FACE_BOUND('',#279,.T.);
#72=FACE_BOUND('',#280,.T.);
#73=FACE_BOUND('',#281,.T.);
#74=FACE_BOUND('',#282,.T.);
#75=FACE_BOUND('',#289,.T.);
#76=FACE_BOUND('',#290,.T.);
#77=FACE_BOUND('',#291,.T.);
#78=FACE_BOUND('',#292,.T.);
#79=PLANE('',#1390);
#80=PLANE('',#1391);
#81=PLANE('',#1394);
#82=PLANE('',#1395);
#83=PLANE('',#1400);
#84=PLANE('',#1409);
#85=PLANE('',#1410);
#86=PLANE('',#1420);
#87=PLANE('',#1428);
#88=PLANE('',#1430);
#89=PLANE('',#1434);
#90=PLANE('',#1439);
#91=PLANE('',#1442);
#92=PLANE('',#1445);
#93=PLANE('',#1448);
#94=PLANE('',#1449);
#95=PLANE('',#1451);
#96=PLANE('',#1458);
#97=PLANE('',#1469);
#98=PLANE('',#1473);
#99=PLANE('',#1482);
#100=PLANE('',#1491);
#101=PLANE('',#1493);
#102=PLANE('',#1522);
#103=PLANE('',#1523);
#104=PLANE('',#1524);
#105=PLANE('',#1525);
#106=PLANE('',#1526);
#107=PLANE('',#1527);
#108=PLANE('',#1528);
#109=FACE_OUTER_BOUND('',#182,.T.);
#110=FACE_OUTER_BOUND('',#183,.T.);
#111=FACE_OUTER_BOUND('',#184,.T.);
#112=FACE_OUTER_BOUND('',#187,.T.);
#113=FACE_OUTER_BOUND('',#188,.T.);
#114=FACE_OUTER_BOUND('',#189,.T.);
#115=FACE_OUTER_BOUND('',#190,.T.);
#116=FACE_OUTER_BOUND('',#191,.T.);
#117=FACE_OUTER_BOUND('',#192,.T.);
#118=FACE_OUTER_BOUND('',#193,.T.);
#119=FACE_OUTER_BOUND('',#194,.T.);
#120=FACE_OUTER_BOUND('',#195,.T.);
#121=FACE_OUTER_BOUND('',#196,.T.);
#122=FACE_OUTER_BOUND('',#197,.T.);
#123=FACE_OUTER_BOUND('',#198,.T.);
#124=FACE_OUTER_BOUND('',#199,.T.);
#125=FACE_OUTER_BOUND('',#200,.T.);
#126=FACE_OUTER_BOUND('',#201,.T.);
#127=FACE_OUTER_BOUND('',#202,.T.);
#128=FACE_OUTER_BOUND('',#205,.T.);
#129=FACE_OUTER_BOUND('',#206,.T.);
#130=FACE_OUTER_BOUND('',#208,.T.);
#131=FACE_OUTER_BOUND('',#210,.T.);
#132=FACE_OUTER_BOUND('',#211,.T.);
#133=FACE_OUTER_BOUND('',#212,.T.);
#134=FACE_OUTER_BOUND('',#213,.T.);
#135=FACE_OUTER_BOUND('',#214,.T.);
#136=FACE_OUTER_BOUND('',#215,.T.);
#137=FACE_OUTER_BOUND('',#216,.T.);
#138=FACE_OUTER_BOUND('',#217,.T.);
#139=FACE_OUTER_BOUND('',#218,.T.);
#140=FACE_OUTER_BOUND('',#219,.T.);
#141=FACE_OUTER_BOUND('',#220,.T.);
#142=FACE_OUTER_BOUND('',#221,.T.);
#143=FACE_OUTER_BOUND('',#222,.T.);
#144=FACE_OUTER_BOUND('',#225,.T.);
#145=FACE_OUTER_BOUND('',#231,.T.);
#146=FACE_OUTER_BOUND('',#237,.T.);
#147=FACE_OUTER_BOUND('',#238,.T.);
#148=FACE_OUTER_BOUND('',#239,.T.);
#149=FACE_OUTER_BOUND('',#240,.T.);
#150=FACE_OUTER_BOUND('',#241,.T.);
#151=FACE_OUTER_BOUND('',#242,.T.);
#152=FACE_OUTER_BOUND('',#243,.T.);
#153=FACE_OUTER_BOUND('',#244,.T.);
#154=FACE_OUTER_BOUND('',#245,.T.);
#155=FACE_OUTER_BOUND('',#246,.T.);
#156=FACE_OUTER_BOUND('',#253,.T.);
#157=FACE_OUTER_BOUND('',#254,.T.);
#158=FACE_OUTER_BOUND('',#255,.T.);
#159=FACE_OUTER_BOUND('',#256,.T.);
#160=FACE_OUTER_BOUND('',#257,.T.);
#161=FACE_OUTER_BOUND('',#263,.T.);
#162=FACE_OUTER_BOUND('',#264,.T.);
#163=FACE_OUTER_BOUND('',#265,.T.);
#164=FACE_OUTER_BOUND('',#266,.T.);
#165=FACE_OUTER_BOUND('',#267,.T.);
#166=FACE_OUTER_BOUND('',#268,.T.);
#167=FACE_OUTER_BOUND('',#269,.T.);
#168=FACE_OUTER_BOUND('',#270,.T.);
#169=FACE_OUTER_BOUND('',#271,.T.);
#170=FACE_OUTER_BOUND('',#272,.T.);
#171=FACE_OUTER_BOUND('',#273,.T.);
#172=FACE_OUTER_BOUND('',#274,.T.);
#173=FACE_OUTER_BOUND('',#275,.T.);
#174=FACE_OUTER_BOUND('',#276,.T.);
#175=FACE_OUTER_BOUND('',#277,.T.);
#176=FACE_OUTER_BOUND('',#283,.T.);
#177=FACE_OUTER_BOUND('',#284,.T.);
#178=FACE_OUTER_BOUND('',#285,.T.);
#179=FACE_OUTER_BOUND('',#286,.T.);
#180=FACE_OUTER_BOUND('',#287,.T.);
#181=FACE_OUTER_BOUND('',#288,.T.);
#182=EDGE_LOOP('',(#878,#879,#880,#881,#882,#883,#884,#885,#886,#887));
#183=EDGE_LOOP('',(#888,#889,#890,#891,#892));
#184=EDGE_LOOP('',(#893,#894,#895,#896));
#185=EDGE_LOOP('',(#897));
#186=EDGE_LOOP('',(#898));
#187=EDGE_LOOP('',(#899,#900,#901,#902,#903));
#188=EDGE_LOOP('',(#904,#905,#906,#907,#908));
#189=EDGE_LOOP('',(#909,#910,#911,#912));
#190=EDGE_LOOP('',(#913,#914,#915,#916));
#191=EDGE_LOOP('',(#917,#918,#919,#920));
#192=EDGE_LOOP('',(#921,#922,#923,#924,#925));
#193=EDGE_LOOP('',(#926,#927,#928,#929,#930));
#194=EDGE_LOOP('',(#931,#932,#933,#934));
#195=EDGE_LOOP('',(#935,#936,#937,#938));
#196=EDGE_LOOP('',(#939,#940,#941,#942));
#197=EDGE_LOOP('',(#943,#944,#945,#946,#947,#948));
#198=EDGE_LOOP('',(#949,#950,#951,#952));
#199=EDGE_LOOP('',(#953,#954,#955,#956,#957));
#200=EDGE_LOOP('',(#958,#959,#960,#961));
#201=EDGE_LOOP('',(#962,#963,#964,#965));
#202=EDGE_LOOP('',(#966,#967,#968,#969,#970,#971,#972,#973,#974));
#203=EDGE_LOOP('',(#975));
#204=EDGE_LOOP('',(#976,#977,#978,#979));
#205=EDGE_LOOP('',(#980,#981,#982,#983));
#206=EDGE_LOOP('',(#984,#985,#986,#987));
#207=EDGE_LOOP('',(#988));
#208=EDGE_LOOP('',(#989,#990,#991,#992));
#209=EDGE_LOOP('',(#993));
#210=EDGE_LOOP('',(#994,#995,#996,#997));
#211=EDGE_LOOP('',(#998,#999,#1000,#1001));
#212=EDGE_LOOP('',(#1002,#1003,#1004,#1005,#1006,#1007));
#213=EDGE_LOOP('',(#1008,#1009,#1010,#1011));
#214=EDGE_LOOP('',(#1012,#1013,#1014,#1015));
#215=EDGE_LOOP('',(#1016,#1017,#1018,#1019));
#216=EDGE_LOOP('',(#1020,#1021,#1022,#1023));
#217=EDGE_LOOP('',(#1024,#1025,#1026,#1027));
#218=EDGE_LOOP('',(#1028,#1029,#1030,#1031));
#219=EDGE_LOOP('',(#1032,#1033,#1034,#1035));
#220=EDGE_LOOP('',(#1036,#1037,#1038,#1039));
#221=EDGE_LOOP('',(#1040,#1041,#1042,#1043,#1044,#1045));
#222=EDGE_LOOP('',(#1046,#1047,#1048,#1049,#1050,#1051,#1052,#1053,#1054));
#223=EDGE_LOOP('',(#1055,#1056,#1057,#1058));
#224=EDGE_LOOP('',(#1059));
#225=EDGE_LOOP('',(#1060,#1061,#1062,#1063));
#226=EDGE_LOOP('',(#1064));
#227=EDGE_LOOP('',(#1065));
#228=EDGE_LOOP('',(#1066));
#229=EDGE_LOOP('',(#1067));
#230=EDGE_LOOP('',(#1068));
#231=EDGE_LOOP('',(#1069,#1070,#1071,#1072));
#232=EDGE_LOOP('',(#1073));
#233=EDGE_LOOP('',(#1074));
#234=EDGE_LOOP('',(#1075));
#235=EDGE_LOOP('',(#1076));
#236=EDGE_LOOP('',(#1077));
#237=EDGE_LOOP('',(#1078,#1079,#1080,#1081));
#238=EDGE_LOOP('',(#1082,#1083,#1084,#1085));
#239=EDGE_LOOP('',(#1086,#1087,#1088,#1089));
#240=EDGE_LOOP('',(#1090,#1091,#1092,#1093));
#241=EDGE_LOOP('',(#1094,#1095,#1096,#1097));
#242=EDGE_LOOP('',(#1098,#1099,#1100,#1101));
#243=EDGE_LOOP('',(#1102,#1103,#1104,#1105));
#244=EDGE_LOOP('',(#1106,#1107,#1108,#1109));
#245=EDGE_LOOP('',(#1110,#1111,#1112,#1113));
#246=EDGE_LOOP('',(#1114,#1115,#1116,#1117));
#247=EDGE_LOOP('',(#1118,#1119,#1120,#1121));
#248=EDGE_LOOP('',(#1122));
#249=EDGE_LOOP('',(#1123));
#250=EDGE_LOOP('',(#1124));
#251=EDGE_LOOP('',(#1125));
#252=EDGE_LOOP('',(#1126,#1127,#1128,#1129));
#253=EDGE_LOOP('',(#1130,#1131,#1132,#1133));
#254=EDGE_LOOP('',(#1134,#1135,#1136,#1137));
#255=EDGE_LOOP('',(#1138,#1139,#1140,#1141));
#256=EDGE_LOOP('',(#1142,#1143,#1144,#1145));
#257=EDGE_LOOP('',(#1146,#1147,#1148,#1149));
#258=EDGE_LOOP('',(#1150));
#259=EDGE_LOOP('',(#1151));
#260=EDGE_LOOP('',(#1152));
#261=EDGE_LOOP('',(#1153));
#262=EDGE_LOOP('',(#1154));
#263=EDGE_LOOP('',(#1155,#1156,#1157,#1158));
#264=EDGE_LOOP('',(#1159,#1160,#1161,#1162));
#265=EDGE_LOOP('',(#1163,#1164,#1165,#1166));
#266=EDGE_LOOP('',(#1167,#1168,#1169,#1170));
#267=EDGE_LOOP('',(#1171,#1172,#1173,#1174));
#268=EDGE_LOOP('',(#1175,#1176,#1177,#1178));
#269=EDGE_LOOP('',(#1179,#1180,#1181,#1182));
#270=EDGE_LOOP('',(#1183,#1184,#1185,#1186));
#271=EDGE_LOOP('',(#1187,#1188,#1189,#1190));
#272=EDGE_LOOP('',(#1191,#1192,#1193,#1194));
#273=EDGE_LOOP('',(#1195,#1196,#1197,#1198));
#274=EDGE_LOOP('',(#1199,#1200,#1201,#1202));
#275=EDGE_LOOP('',(#1203,#1204,#1205,#1206));
#276=EDGE_LOOP('',(#1207,#1208,#1209,#1210));
#277=EDGE_LOOP('',(#1211,#1212,#1213,#1214));
#278=EDGE_LOOP('',(#1215));
#279=EDGE_LOOP('',(#1216));
#280=EDGE_LOOP('',(#1217));
#281=EDGE_LOOP('',(#1218));
#282=EDGE_LOOP('',(#1219));
#283=EDGE_LOOP('',(#1220,#1221,#1222,#1223));
#284=EDGE_LOOP('',(#1224,#1225,#1226,#1227));
#285=EDGE_LOOP('',(#1228,#1229,#1230,#1231));
#286=EDGE_LOOP('',(#1232,#1233,#1234,#1235));
#287=EDGE_LOOP('',(#1236,#1237,#1238,#1239));
#288=EDGE_LOOP('',(#1240,#1241,#1242,#1243));
#289=EDGE_LOOP('',(#1244));
#290=EDGE_LOOP('',(#1245));
#291=EDGE_LOOP('',(#1246));
#292=EDGE_LOOP('',(#1247));
#293=B_SPLINE_CURVE_WITH_KNOTS('',3,(#1943,#1944,#1945,#1946,#1947,#1948,
#1949,#1950),.UNSPECIFIED.,.F.,.F.,(4,2,2,4),(-0.0908003695835427,-0.0449159718085718,
-0.0124854869356876,0.),.UNSPECIFIED.);
#294=B_SPLINE_CURVE_WITH_KNOTS('',3,(#1952,#1953,#1954,#1955,#1956,#1957),
 .UNSPECIFIED.,.F.,.F.,(4,2,4),(-0.0845779343877461,0.,0.000880354251498959),
 .UNSPECIFIED.);
#295=B_SPLINE_CURVE_WITH_KNOTS('',3,(#1961,#1962,#1963,#1964,#1965,#1966),
 .UNSPECIFIED.,.F.,.F.,(4,2,4),(-0.207971811833382,-0.207093083856678,-0.122669971555197),
 .UNSPECIFIED.);
#296=B_SPLINE_CURVE_WITH_KNOTS('',3,(#1968,#1969,#1970,#1971,#1972,#1973,
#1974,#1975),.UNSPECIFIED.,.F.,.F.,(4,2,2,4),(-0.112391501362636,-0.0866066497104414,
-0.0596799618839715,0.),.UNSPECIFIED.);
#297=B_SPLINE_CURVE_WITH_KNOTS('',3,(#2001,#2002,#2003,#2004,#2005,#2006),
 .UNSPECIFIED.,.F.,.F.,(4,1,1,4),(-1.51084274970355,-0.95179430135615,-0.672270077182448,
-0.574641440422862),.UNSPECIFIED.);
#298=B_SPLINE_CURVE_WITH_KNOTS('',3,(#2041,#2042,#2043,#2044,#2045,#2046),
 .UNSPECIFIED.,.F.,.F.,(4,1,1,4),(0.532507965095597,0.672270077182448,0.95179430135615,
1.51084274970355),.UNSPECIFIED.);
#299=B_SPLINE_CURVE_WITH_KNOTS('',3,(#2079,#2080,#2081,#2082,#2083,#2084),
 .UNSPECIFIED.,.F.,.F.,(4,1,1,4),(0.574676921766393,0.67229151167365,0.951808911022706,
1.51084370972082),.UNSPECIFIED.);
#300=B_SPLINE_CURVE_WITH_KNOTS('',3,(#2087,#2088,#2089,#2090,#2091,#2092),
 .UNSPECIFIED.,.F.,.F.,(4,1,1,4),(-1.51084370972082,-0.951808911022706,
-0.67229151167365,-0.532532811999122),.UNSPECIFIED.);
#301=LINE('',#1937,#408);
#302=LINE('',#1941,#409);
#303=LINE('',#1959,#410);
#304=LINE('',#1976,#411);
#305=LINE('',#1979,#412);
#306=LINE('',#1981,#413);
#307=LINE('',#1983,#414);
#308=LINE('',#1984,#415);
#309=LINE('',#1987,#416);
#310=LINE('',#1988,#417);
#311=LINE('',#1995,#418);
#312=LINE('',#1997,#419);
#313=LINE('',#1998,#420);
#314=LINE('',#2008,#421);
#315=LINE('',#2009,#422);
#316=LINE('',#2097,#423);
#317=LINE('',#2098,#424);
#318=LINE('',#2100,#425);
#319=LINE('',#2111,#426);
#320=LINE('',#2112,#427);
#321=LINE('',#2115,#428);
#322=LINE('',#2119,#429);
#323=LINE('',#2120,#430);
#324=LINE('',#2123,#431);
#325=LINE('',#2125,#432);
#326=LINE('',#2127,#433);
#327=LINE('',#2131,#434);
#328=LINE('',#2138,#435);
#329=LINE('',#2143,#436);
#330=LINE('',#2144,#437);
#331=LINE('',#2149,#438);
#332=LINE('',#2152,#439);
#333=LINE('',#2157,#440);
#334=LINE('',#2161,#441);
#335=LINE('',#2167,#442);
#336=LINE('',#2168,#443);
#337=LINE('',#2170,#444);
#338=LINE('',#2174,#445);
#339=LINE('',#2178,#446);
#340=LINE('',#2180,#447);
#341=LINE('',#2182,#448);
#342=LINE('',#2186,#449);
#343=LINE('',#2189,#450);
#344=LINE('',#2192,#451);
#345=LINE('',#2195,#452);
#346=LINE('',#2196,#453);
#347=LINE('',#2200,#454);
#348=LINE('',#2202,#455);
#349=LINE('',#2206,#456);
#350=LINE('',#2209,#457);
#351=LINE('',#2210,#458);
#352=LINE('',#2214,#459);
#353=LINE('',#2216,#460);
#354=LINE('',#2224,#461);
#355=LINE('',#2226,#462);
#356=LINE('',#2227,#463);
#357=LINE('',#2243,#464);
#358=LINE('',#2245,#465);
#359=LINE('',#2246,#466);
#360=LINE('',#2259,#467);
#361=LINE('',#2262,#468);
#362=LINE('',#2265,#469);
#363=LINE('',#2268,#470);
#364=LINE('',#2271,#471);
#365=LINE('',#2272,#472);
#366=LINE('',#2277,#473);
#367=LINE('',#2280,#474);
#368=LINE('',#2282,#475);
#369=LINE('',#2286,#476);
#370=LINE('',#2289,#477);
#371=LINE('',#2295,#478);
#372=LINE('',#2298,#479);
#373=LINE('',#2300,#480);
#374=LINE('',#2301,#481);
#375=LINE('',#2305,#482);
#376=LINE('',#2307,#483);
#377=LINE('',#2309,#484);
#378=LINE('',#2310,#485);
#379=LINE('',#2312,#486);
#380=LINE('',#2314,#487);
#381=LINE('',#2315,#488);
#382=LINE('',#2328,#489);
#383=LINE('',#2331,#490);
#384=LINE('',#2333,#491);
#385=LINE('',#2347,#492);
#386=LINE('',#2351,#493);
#387=LINE('',#2355,#494);
#388=LINE('',#2359,#495);
#389=LINE('',#2362,#496);
#390=LINE('',#2365,#497);
#391=LINE('',#2368,#498);
#392=LINE('',#2371,#499);
#393=LINE('',#2374,#500);
#394=LINE('',#2377,#501);
#395=LINE('',#2380,#502);
#396=LINE('',#2383,#503);
#397=LINE('',#2386,#504);
#398=LINE('',#2389,#505);
#399=LINE('',#2392,#506);
#400=LINE('',#2397,#507);
#401=LINE('',#2398,#508);
#402=LINE('',#2399,#509);
#403=LINE('',#2402,#510);
#404=LINE('',#2403,#511);
#405=LINE('',#2406,#512);
#406=LINE('',#2407,#513);
#407=LINE('',#2409,#514);
#408=VECTOR('',#1539,0.393700787401575);
#409=VECTOR('',#1542,0.393700787401575);
#410=VECTOR('',#1543,0.393700787401575);
#411=VECTOR('',#1544,0.393700787401575);
#412=VECTOR('',#1547,0.393700787401575);
#413=VECTOR('',#1548,0.393700787401575);
#414=VECTOR('',#1549,0.393700787401575);
#415=VECTOR('',#1550,0.393700787401575);
#416=VECTOR('',#1553,0.393700787401575);
#417=VECTOR('',#1554,0.393700787401575);
#418=VECTOR('',#1561,0.393700787401575);
#419=VECTOR('',#1562,0.393700787401575);
#420=VECTOR('',#1563,0.393700787401575);
#421=VECTOR('',#1566,0.393700787401575);
#422=VECTOR('',#1567,0.393700787401575);
#423=VECTOR('',#1576,0.393700787401575);
#424=VECTOR('',#1577,0.393700787401575);
#425=VECTOR('',#1580,0.393700787401575);
#426=VECTOR('',#1593,0.393700787401575);
#427=VECTOR('',#1594,0.393700787401575);
#428=VECTOR('',#1597,0.45);
#429=VECTOR('',#1602,0.393700787401575);
#430=VECTOR('',#1603,0.393700787401575);
#431=VECTOR('',#1606,0.393700787401575);
#432=VECTOR('',#1607,0.393700787401575);
#433=VECTOR('',#1608,0.393700787401575);
#434=VECTOR('',#1613,0.393700787401575);
#435=VECTOR('',#1624,0.393700787401575);
#436=VECTOR('',#1629,0.393700787401575);
#437=VECTOR('',#1630,0.393700787401575);
#438=VECTOR('',#1635,0.393700787401575);
#439=VECTOR('',#1638,0.393700787401575);
#440=VECTOR('',#1641,0.393700787401575);
#441=VECTOR('',#1644,0.393700787401575);
#442=VECTOR('',#1651,0.393700787401575);
#443=VECTOR('',#1652,0.393700787401575);
#444=VECTOR('',#1655,0.393700787401575);
#445=VECTOR('',#1660,0.393700787401575);
#446=VECTOR('',#1665,0.0785000000000001);
#447=VECTOR('',#1668,0.0785000000000001);
#448=VECTOR('',#1671,0.393700787401575);
#449=VECTOR('',#1676,0.059);
#450=VECTOR('',#1679,0.393700787401575);
#451=VECTOR('',#1682,0.393700787401575);
#452=VECTOR('',#1685,0.393700787401575);
#453=VECTOR('',#1686,0.393700787401575);
#454=VECTOR('',#1691,0.393700787401575);
#455=VECTOR('',#1694,0.393700787401575);
#456=VECTOR('',#1699,0.393700787401575);
#457=VECTOR('',#1702,0.393700787401575);
#458=VECTOR('',#1703,0.393700787401575);
#459=VECTOR('',#1708,0.393700787401575);
#460=VECTOR('',#1711,0.393700787401575);
#461=VECTOR('',#1720,0.393700787401575);
#462=VECTOR('',#1721,0.393700787401575);
#463=VECTOR('',#1722,0.393700787401575);
#464=VECTOR('',#1737,0.393700787401575);
#465=VECTOR('',#1738,0.393700787401575);
#466=VECTOR('',#1739,0.393700787401575);
#467=VECTOR('',#1752,0.393700787401575);
#468=VECTOR('',#1755,0.393700787401575);
#469=VECTOR('',#1758,0.393700787401575);
#470=VECTOR('',#1761,0.393700787401575);
#471=VECTOR('',#1764,0.393700787401575);
#472=VECTOR('',#1765,0.393700787401575);
#473=VECTOR('',#1770,0.393700787401575);
#474=VECTOR('',#1773,0.393700787401575);
#475=VECTOR('',#1776,0.393700787401575);
#476=VECTOR('',#1779,0.393700787401575);
#477=VECTOR('',#1782,0.393700787401575);
#478=VECTOR('',#1789,0.393700787401575);
#479=VECTOR('',#1794,0.393700787401575);
#480=VECTOR('',#1797,0.393700787401575);
#481=VECTOR('',#1798,0.393700787401575);
#482=VECTOR('',#1801,0.393700787401575);
#483=VECTOR('',#1802,0.393700787401575);
#484=VECTOR('',#1803,0.393700787401575);
#485=VECTOR('',#1804,0.393700787401575);
#486=VECTOR('',#1805,0.393700787401575);
#487=VECTOR('',#1806,0.393700787401575);
#488=VECTOR('',#1807,0.393700787401575);
#489=VECTOR('',#1822,0.393700787401575);
#490=VECTOR('',#1827,0.393700787401575);
#491=VECTOR('',#1830,0.393700787401575);
#492=VECTOR('',#1845,0.098425);
#493=VECTOR('',#1850,0.0984249999999998);
#494=VECTOR('',#1855,0.098425);
#495=VECTOR('',#1860,0.0984249999999998);
#496=VECTOR('',#1865,0.0589999999999999);
#497=VECTOR('',#1868,0.059);
#498=VECTOR('',#1873,0.0589999999999999);
#499=VECTOR('',#1876,0.059);
#500=VECTOR('',#1881,0.0589999999999999);
#501=VECTOR('',#1884,0.059);
#502=VECTOR('',#1889,0.059055);
#503=VECTOR('',#1892,0.059055);
#504=VECTOR('',#1897,0.0589999999999999);
#505=VECTOR('',#1900,0.059);
#506=VECTOR('',#1905,0.393700787401575);
#507=VECTOR('',#1910,0.393700787401575);
#508=VECTOR('',#1911,0.393700787401575);
#509=VECTOR('',#1912,0.393700787401575);
#510=VECTOR('',#1915,0.393700787401575);
#511=VECTOR('',#1916,0.393700787401575);
#512=VECTOR('',#1919,0.393700787401575);
#513=VECTOR('',#1920,0.393700787401575);
#514=VECTOR('',#1923,0.393700787401575);
#515=CIRCLE('',#1388,0.1);
#516=CIRCLE('',#1389,0.1);
#517=CIRCLE('',#1392,0.0785000000000001);
#518=CIRCLE('',#1393,0.0785000000000001);
#519=CIRCLE('',#1396,0.1);
#520=CIRCLE('',#1397,0.1);
#521=CIRCLE('',#1402,0.55);
#522=CIRCLE('',#1403,0.1);
#523=CIRCLE('',#1404,0.45);
#524=CIRCLE('',#1406,0.1);
#525=CIRCLE('',#1408,0.45);
#526=CIRCLE('',#1411,0.1);
#527=CIRCLE('',#1415,0.1);
#528=CIRCLE('',#1416,0.55);
#529=CIRCLE('',#1419,0.100000000000001);
#530=CIRCLE('',#1421,0.15);
#531=CIRCLE('',#1422,2.);
#532=CIRCLE('',#1423,0.059);
#533=CIRCLE('',#1424,1.059);
#534=CIRCLE('',#1425,0.941);
#535=CIRCLE('',#1427,0.100000000000001);
#536=CIRCLE('',#1429,0.0785000000000001);
#537=CIRCLE('',#1431,0.0785000000000001);
#538=CIRCLE('',#1436,0.059);
#539=CIRCLE('',#1438,1.059);
#540=CIRCLE('',#1441,0.941);
#541=CIRCLE('',#1444,0.15);
#542=CIRCLE('',#1447,2.);
#543=CIRCLE('',#1452,0.5);
#544=CIRCLE('',#1453,0.0589999999999999);
#545=CIRCLE('',#1454,0.0589999999999999);
#546=CIRCLE('',#1455,0.0589999999999999);
#547=CIRCLE('',#1456,0.059055);
#548=CIRCLE('',#1457,0.0589999999999999);
#549=CIRCLE('',#1459,0.5);
#550=CIRCLE('',#1460,0.0589999999999999);
#551=CIRCLE('',#1461,0.0589999999999999);
#552=CIRCLE('',#1462,0.0589999999999999);
#553=CIRCLE('',#1463,0.059055);
#554=CIRCLE('',#1464,0.0589999999999999);
#555=CIRCLE('',#1466,0.5);
#556=CIRCLE('',#1468,0.5);
#557=CIRCLE('',#1483,0.098425);
#558=CIRCLE('',#1484,0.0984249999999998);
#559=CIRCLE('',#1485,0.098425);
#560=CIRCLE('',#1486,0.0984249999999998);
#561=CIRCLE('',#1494,0.0589999999999999);
#562=CIRCLE('',#1495,0.0589999999999999);
#563=CIRCLE('',#1496,0.0589999999999999);
#564=CIRCLE('',#1497,0.059055);
#565=CIRCLE('',#1498,0.0589999999999999);
#566=CIRCLE('',#1500,0.098425);
#567=CIRCLE('',#1502,0.0984249999999998);
#568=CIRCLE('',#1504,0.098425);
#569=CIRCLE('',#1506,0.0984249999999998);
#570=CIRCLE('',#1509,0.0589999999999999);
#571=CIRCLE('',#1512,0.0589999999999999);
#572=CIRCLE('',#1515,0.0589999999999999);
#573=CIRCLE('',#1518,0.059055);
#574=CIRCLE('',#1521,0.0589999999999999);
#575=VERTEX_POINT('',#1933);
#576=VERTEX_POINT('',#1934);
#577=VERTEX_POINT('',#1936);
#578=VERTEX_POINT('',#1938);
#579=VERTEX_POINT('',#1940);
#580=VERTEX_POINT('',#1942);
#581=VERTEX_POINT('',#1951);
#582=VERTEX_POINT('',#1958);
#583=VERTEX_POINT('',#1960);
#584=VERTEX_POINT('',#1967);
#585=VERTEX_POINT('',#1978);
#586=VERTEX_POINT('',#1980);
#587=VERTEX_POINT('',#1982);
#588=VERTEX_POINT('',#1986);
#589=VERTEX_POINT('',#1989);
#590=VERTEX_POINT('',#1991);
#591=VERTEX_POINT('',#1994);
#592=VERTEX_POINT('',#1996);
#593=VERTEX_POINT('',#2000);
#594=VERTEX_POINT('',#2007);
#595=VERTEX_POINT('',#2040);
#596=VERTEX_POINT('',#2078);
#597=VERTEX_POINT('',#2085);
#598=VERTEX_POINT('',#2094);
#599=VERTEX_POINT('',#2095);
#600=VERTEX_POINT('',#2102);
#601=VERTEX_POINT('',#2104);
#602=VERTEX_POINT('',#2108);
#603=VERTEX_POINT('',#2109);
#604=VERTEX_POINT('',#2114);
#605=VERTEX_POINT('',#2118);
#606=VERTEX_POINT('',#2122);
#607=VERTEX_POINT('',#2124);
#608=VERTEX_POINT('',#2126);
#609=VERTEX_POINT('',#2130);
#610=VERTEX_POINT('',#2134);
#611=VERTEX_POINT('',#2140);
#612=VERTEX_POINT('',#2141);
#613=VERTEX_POINT('',#2146);
#614=VERTEX_POINT('',#2148);
#615=VERTEX_POINT('',#2150);
#616=VERTEX_POINT('',#2153);
#617=VERTEX_POINT('',#2155);
#618=VERTEX_POINT('',#2156);
#619=VERTEX_POINT('',#2158);
#620=VERTEX_POINT('',#2160);
#621=VERTEX_POINT('',#2164);
#622=VERTEX_POINT('',#2165);
#623=VERTEX_POINT('',#2171);
#624=VERTEX_POINT('',#2175);
#625=VERTEX_POINT('',#2184);
#626=VERTEX_POINT('',#2188);
#627=VERTEX_POINT('',#2190);
#628=VERTEX_POINT('',#2194);
#629=VERTEX_POINT('',#2198);
#630=VERTEX_POINT('',#2204);
#631=VERTEX_POINT('',#2208);
#632=VERTEX_POINT('',#2212);
#633=VERTEX_POINT('',#2220);
#634=VERTEX_POINT('',#2221);
#635=VERTEX_POINT('',#2223);
#636=VERTEX_POINT('',#2225);
#637=VERTEX_POINT('',#2228);
#638=VERTEX_POINT('',#2230);
#639=VERTEX_POINT('',#2232);
#640=VERTEX_POINT('',#2234);
#641=VERTEX_POINT('',#2236);
#642=VERTEX_POINT('',#2239);
#643=VERTEX_POINT('',#2240);
#644=VERTEX_POINT('',#2242);
#645=VERTEX_POINT('',#2244);
#646=VERTEX_POINT('',#2247);
#647=VERTEX_POINT('',#2249);
#648=VERTEX_POINT('',#2251);
#649=VERTEX_POINT('',#2253);
#650=VERTEX_POINT('',#2255);
#651=VERTEX_POINT('',#2258);
#652=VERTEX_POINT('',#2260);
#653=VERTEX_POINT('',#2264);
#654=VERTEX_POINT('',#2266);
#655=VERTEX_POINT('',#2270);
#656=VERTEX_POINT('',#2274);
#657=VERTEX_POINT('',#2275);
#658=VERTEX_POINT('',#2278);
#659=VERTEX_POINT('',#2284);
#660=VERTEX_POINT('',#2285);
#661=VERTEX_POINT('',#2288);
#662=VERTEX_POINT('',#2292);
#663=VERTEX_POINT('',#2294);
#664=VERTEX_POINT('',#2303);
#665=VERTEX_POINT('',#2304);
#666=VERTEX_POINT('',#2306);
#667=VERTEX_POINT('',#2308);
#668=VERTEX_POINT('',#2311);
#669=VERTEX_POINT('',#2313);
#670=VERTEX_POINT('',#2316);
#671=VERTEX_POINT('',#2318);
#672=VERTEX_POINT('',#2320);
#673=VERTEX_POINT('',#2322);
#674=VERTEX_POINT('',#2327);
#675=VERTEX_POINT('',#2335);
#676=VERTEX_POINT('',#2337);
#677=VERTEX_POINT('',#2339);
#678=VERTEX_POINT('',#2341);
#679=VERTEX_POINT('',#2343);
#680=VERTEX_POINT('',#2346);
#681=VERTEX_POINT('',#2350);
#682=VERTEX_POINT('',#2354);
#683=VERTEX_POINT('',#2358);
#684=VERTEX_POINT('',#2364);
#685=VERTEX_POINT('',#2370);
#686=VERTEX_POINT('',#2376);
#687=VERTEX_POINT('',#2382);
#688=VERTEX_POINT('',#2388);
#689=VERTEX_POINT('',#2395);
#690=VERTEX_POINT('',#2396);
#691=VERTEX_POINT('',#2401);
#692=VERTEX_POINT('',#2405);
#693=EDGE_CURVE('',#575,#576,#515,.T.);
#694=EDGE_CURVE('',#576,#577,#301,.T.);
#695=EDGE_CURVE('',#577,#578,#516,.T.);
#696=EDGE_CURVE('',#578,#579,#302,.T.);
#697=EDGE_CURVE('',#579,#580,#293,.T.);
#698=EDGE_CURVE('',#580,#581,#294,.T.);
#699=EDGE_CURVE('',#581,#582,#303,.T.);
#700=EDGE_CURVE('',#582,#583,#295,.T.);
#701=EDGE_CURVE('',#583,#584,#296,.T.);
#702=EDGE_CURVE('',#584,#575,#304,.T.);
#703=EDGE_CURVE('',#585,#577,#305,.T.);
#704=EDGE_CURVE('',#586,#585,#306,.T.);
#705=EDGE_CURVE('',#586,#587,#307,.T.);
#706=EDGE_CURVE('',#587,#578,#308,.T.);
#707=EDGE_CURVE('',#576,#588,#309,.T.);
#708=EDGE_CURVE('',#588,#585,#310,.T.);
#709=EDGE_CURVE('',#589,#589,#517,.T.);
#710=EDGE_CURVE('',#590,#590,#518,.T.);
#711=EDGE_CURVE('',#591,#575,#311,.T.);
#712=EDGE_CURVE('',#591,#592,#312,.T.);
#713=EDGE_CURVE('',#592,#588,#313,.T.);
#714=EDGE_CURVE('',#593,#584,#297,.T.);
#715=EDGE_CURVE('',#594,#593,#314,.T.);
#716=EDGE_CURVE('',#594,#591,#315,.T.);
#717=EDGE_CURVE('',#583,#595,#298,.T.);
#718=EDGE_CURVE('',#593,#595,#519,.T.);
#719=EDGE_CURVE('',#579,#596,#299,.T.);
#720=EDGE_CURVE('',#596,#597,#520,.T.);
#721=EDGE_CURVE('',#597,#580,#300,.T.);
#722=EDGE_CURVE('',#598,#599,#29,.T.);
#723=EDGE_CURVE('',#599,#597,#316,.T.);
#724=EDGE_CURVE('',#596,#598,#317,.T.);
#725=EDGE_CURVE('',#587,#598,#318,.T.);
#726=EDGE_CURVE('',#597,#600,#521,.T.);
#727=EDGE_CURVE('',#600,#601,#522,.T.);
#728=EDGE_CURVE('',#601,#581,#523,.T.);
#729=EDGE_CURVE('',#602,#603,#524,.T.);
#730=EDGE_CURVE('',#603,#601,#319,.T.);
#731=EDGE_CURVE('',#600,#602,#320,.T.);
#732=EDGE_CURVE('',#601,#604,#321,.T.);
#733=EDGE_CURVE('',#582,#604,#525,.T.);
#734=EDGE_CURVE('',#605,#603,#322,.T.);
#735=EDGE_CURVE('',#604,#605,#323,.T.);
#736=EDGE_CURVE('',#606,#602,#324,.T.);
#737=EDGE_CURVE('',#607,#606,#325,.T.);
#738=EDGE_CURVE('',#607,#608,#326,.T.);
#739=EDGE_CURVE('',#605,#608,#526,.T.);
#740=EDGE_CURVE('',#595,#609,#327,.T.);
#741=EDGE_CURVE('',#609,#594,#30,.T.);
#742=EDGE_CURVE('',#604,#610,#527,.T.);
#743=EDGE_CURVE('',#610,#595,#528,.T.);
#744=EDGE_CURVE('',#608,#610,#328,.T.);
#745=EDGE_CURVE('',#611,#612,#529,.F.);
#746=EDGE_CURVE('',#611,#594,#329,.T.);
#747=EDGE_CURVE('',#609,#612,#330,.T.);
#748=EDGE_CURVE('',#613,#607,#530,.T.);
#749=EDGE_CURVE('',#614,#613,#331,.T.);
#750=EDGE_CURVE('',#615,#614,#531,.T.);
#751=EDGE_CURVE('',#612,#615,#332,.T.);
#752=EDGE_CURVE('',#616,#616,#532,.T.);
#753=EDGE_CURVE('',#617,#618,#333,.T.);
#754=EDGE_CURVE('',#619,#617,#533,.T.);
#755=EDGE_CURVE('',#620,#619,#334,.T.);
#756=EDGE_CURVE('',#618,#620,#534,.T.);
#757=EDGE_CURVE('',#621,#622,#535,.T.);
#758=EDGE_CURVE('',#622,#599,#335,.T.);
#759=EDGE_CURVE('',#598,#621,#336,.T.);
#760=EDGE_CURVE('',#621,#586,#337,.T.);
#761=EDGE_CURVE('',#623,#623,#536,.T.);
#762=EDGE_CURVE('',#592,#611,#338,.T.);
#763=EDGE_CURVE('',#624,#624,#537,.T.);
#764=EDGE_CURVE('',#589,#623,#339,.T.);
#765=EDGE_CURVE('',#590,#624,#340,.T.);
#766=EDGE_CURVE('',#611,#621,#341,.T.);
#767=EDGE_CURVE('',#625,#625,#538,.T.);
#768=EDGE_CURVE('',#625,#616,#342,.T.);
#769=EDGE_CURVE('',#617,#626,#343,.T.);
#770=EDGE_CURVE('',#627,#626,#539,.T.);
#771=EDGE_CURVE('',#619,#627,#344,.T.);
#772=EDGE_CURVE('',#628,#627,#345,.T.);
#773=EDGE_CURVE('',#620,#628,#346,.T.);
#774=EDGE_CURVE('',#629,#628,#540,.T.);
#775=EDGE_CURVE('',#618,#629,#347,.T.);
#776=EDGE_CURVE('',#626,#629,#348,.T.);
#777=EDGE_CURVE('',#630,#606,#541,.T.);
#778=EDGE_CURVE('',#613,#630,#349,.T.);
#779=EDGE_CURVE('',#631,#630,#350,.T.);
#780=EDGE_CURVE('',#614,#631,#351,.T.);
#781=EDGE_CURVE('',#632,#631,#542,.T.);
#782=EDGE_CURVE('',#615,#632,#352,.T.);
#783=EDGE_CURVE('',#622,#632,#353,.T.);
#784=EDGE_CURVE('',#633,#634,#543,.T.);
#785=EDGE_CURVE('',#635,#633,#354,.T.);
#786=EDGE_CURVE('',#636,#635,#355,.T.);
#787=EDGE_CURVE('',#636,#634,#356,.T.);
#788=EDGE_CURVE('',#637,#637,#544,.T.);
#789=EDGE_CURVE('',#638,#638,#545,.T.);
#790=EDGE_CURVE('',#639,#639,#546,.T.);
#791=EDGE_CURVE('',#640,#640,#547,.T.);
#792=EDGE_CURVE('',#641,#641,#548,.T.);
#793=EDGE_CURVE('',#642,#643,#549,.T.);
#794=EDGE_CURVE('',#644,#642,#357,.T.);
#795=EDGE_CURVE('',#645,#644,#358,.T.);
#796=EDGE_CURVE('',#645,#643,#359,.T.);
#797=EDGE_CURVE('',#646,#646,#550,.T.);
#798=EDGE_CURVE('',#647,#647,#551,.T.);
#799=EDGE_CURVE('',#648,#648,#552,.T.);
#800=EDGE_CURVE('',#649,#649,#553,.T.);
#801=EDGE_CURVE('',#650,#650,#554,.T.);
#802=EDGE_CURVE('',#643,#651,#360,.T.);
#803=EDGE_CURVE('',#651,#652,#555,.T.);
#804=EDGE_CURVE('',#652,#642,#361,.T.);
#805=EDGE_CURVE('',#634,#653,#362,.T.);
#806=EDGE_CURVE('',#653,#654,#556,.T.);
#807=EDGE_CURVE('',#654,#633,#363,.T.);
#808=EDGE_CURVE('',#655,#654,#364,.T.);
#809=EDGE_CURVE('',#635,#655,#365,.T.);
#810=EDGE_CURVE('',#656,#657,#31,.T.);
#811=EDGE_CURVE('',#657,#645,#366,.T.);
#812=EDGE_CURVE('',#645,#658,#32,.T.);
#813=EDGE_CURVE('',#658,#656,#367,.T.);
#814=EDGE_CURVE('',#657,#651,#368,.T.);
#815=EDGE_CURVE('',#659,#660,#369,.T.);
#816=EDGE_CURVE('',#660,#655,#33,.T.);
#817=EDGE_CURVE('',#655,#661,#370,.T.);
#818=EDGE_CURVE('',#661,#659,#34,.T.);
#819=EDGE_CURVE('',#635,#662,#35,.T.);
#820=EDGE_CURVE('',#662,#663,#371,.T.);
#821=EDGE_CURVE('',#636,#663,#36,.T.);
#822=EDGE_CURVE('',#660,#662,#372,.T.);
#823=EDGE_CURVE('',#663,#659,#373,.T.);
#824=EDGE_CURVE('',#661,#636,#374,.T.);
#825=EDGE_CURVE('',#664,#665,#375,.T.);
#826=EDGE_CURVE('',#665,#666,#376,.T.);
#827=EDGE_CURVE('',#666,#667,#377,.T.);
#828=EDGE_CURVE('',#667,#664,#378,.T.);
#829=EDGE_CURVE('',#668,#658,#379,.T.);
#830=EDGE_CURVE('',#669,#668,#380,.T.);
#831=EDGE_CURVE('',#656,#669,#381,.T.);
#832=EDGE_CURVE('',#670,#670,#557,.T.);
#833=EDGE_CURVE('',#671,#671,#558,.T.);
#834=EDGE_CURVE('',#672,#672,#559,.T.);
#835=EDGE_CURVE('',#673,#673,#560,.T.);
#836=EDGE_CURVE('',#644,#668,#37,.T.);
#837=EDGE_CURVE('',#644,#674,#382,.T.);
#838=EDGE_CURVE('',#674,#669,#38,.T.);
#839=EDGE_CURVE('',#674,#652,#383,.T.);
#840=EDGE_CURVE('',#674,#657,#384,.T.);
#841=EDGE_CURVE('',#675,#675,#561,.T.);
#842=EDGE_CURVE('',#676,#676,#562,.T.);
#843=EDGE_CURVE('',#677,#677,#563,.T.);
#844=EDGE_CURVE('',#678,#678,#564,.T.);
#845=EDGE_CURVE('',#679,#679,#565,.T.);
#846=EDGE_CURVE('',#670,#680,#385,.T.);
#847=EDGE_CURVE('',#680,#680,#566,.T.);
#848=EDGE_CURVE('',#671,#681,#386,.T.);
#849=EDGE_CURVE('',#681,#681,#567,.T.);
#850=EDGE_CURVE('',#672,#682,#387,.T.);
#851=EDGE_CURVE('',#682,#682,#568,.T.);
#852=EDGE_CURVE('',#673,#683,#388,.T.);
#853=EDGE_CURVE('',#683,#683,#569,.T.);
#854=EDGE_CURVE('',#646,#675,#389,.T.);
#855=EDGE_CURVE('',#637,#684,#390,.T.);
#856=EDGE_CURVE('',#684,#684,#570,.T.);
#857=EDGE_CURVE('',#647,#676,#391,.T.);
#858=EDGE_CURVE('',#638,#685,#392,.T.);
#859=EDGE_CURVE('',#685,#685,#571,.T.);
#860=EDGE_CURVE('',#648,#677,#393,.T.);
#861=EDGE_CURVE('',#639,#686,#394,.T.);
#862=EDGE_CURVE('',#686,#686,#572,.T.);
#863=EDGE_CURVE('',#649,#678,#395,.T.);
#864=EDGE_CURVE('',#640,#687,#396,.T.);
#865=EDGE_CURVE('',#687,#687,#573,.T.);
#866=EDGE_CURVE('',#650,#679,#397,.T.);
#867=EDGE_CURVE('',#641,#688,#398,.T.);
#868=EDGE_CURVE('',#688,#688,#574,.T.);
#869=EDGE_CURVE('',#661,#653,#399,.T.);
#870=EDGE_CURVE('',#689,#690,#400,.T.);
#871=EDGE_CURVE('',#690,#664,#401,.T.);
#872=EDGE_CURVE('',#689,#667,#402,.T.);
#873=EDGE_CURVE('',#691,#689,#403,.T.);
#874=EDGE_CURVE('',#691,#666,#404,.T.);
#875=EDGE_CURVE('',#692,#691,#405,.T.);
#876=EDGE_CURVE('',#692,#665,#406,.T.);
#877=EDGE_CURVE('',#690,#692,#407,.T.);
#878=ORIENTED_EDGE('',*,*,#693,.T.);
#879=ORIENTED_EDGE('',*,*,#694,.T.);
#880=ORIENTED_EDGE('',*,*,#695,.T.);
#881=ORIENTED_EDGE('',*,*,#696,.T.);
#882=ORIENTED_EDGE('',*,*,#697,.T.);
#883=ORIENTED_EDGE('',*,*,#698,.T.);
#884=ORIENTED_EDGE('',*,*,#699,.T.);
#885=ORIENTED_EDGE('',*,*,#700,.T.);
#886=ORIENTED_EDGE('',*,*,#701,.T.);
#887=ORIENTED_EDGE('',*,*,#702,.T.);
#888=ORIENTED_EDGE('',*,*,#695,.F.);
#889=ORIENTED_EDGE('',*,*,#703,.F.);
#890=ORIENTED_EDGE('',*,*,#704,.F.);
#891=ORIENTED_EDGE('',*,*,#705,.T.);
#892=ORIENTED_EDGE('',*,*,#706,.T.);
#893=ORIENTED_EDGE('',*,*,#694,.F.);
#894=ORIENTED_EDGE('',*,*,#707,.T.);
#895=ORIENTED_EDGE('',*,*,#708,.T.);
#896=ORIENTED_EDGE('',*,*,#703,.T.);
#897=ORIENTED_EDGE('',*,*,#709,.T.);
#898=ORIENTED_EDGE('',*,*,#710,.T.);
#899=ORIENTED_EDGE('',*,*,#693,.F.);
#900=ORIENTED_EDGE('',*,*,#711,.F.);
#901=ORIENTED_EDGE('',*,*,#712,.T.);
#902=ORIENTED_EDGE('',*,*,#713,.T.);
#903=ORIENTED_EDGE('',*,*,#707,.F.);
#904=ORIENTED_EDGE('',*,*,#702,.F.);
#905=ORIENTED_EDGE('',*,*,#714,.F.);
#906=ORIENTED_EDGE('',*,*,#715,.F.);
#907=ORIENTED_EDGE('',*,*,#716,.T.);
#908=ORIENTED_EDGE('',*,*,#711,.T.);
#909=ORIENTED_EDGE('',*,*,#701,.F.);
#910=ORIENTED_EDGE('',*,*,#717,.T.);
#911=ORIENTED_EDGE('',*,*,#718,.F.);
#912=ORIENTED_EDGE('',*,*,#714,.T.);
#913=ORIENTED_EDGE('',*,*,#697,.F.);
#914=ORIENTED_EDGE('',*,*,#719,.T.);
#915=ORIENTED_EDGE('',*,*,#720,.T.);
#916=ORIENTED_EDGE('',*,*,#721,.T.);
#917=ORIENTED_EDGE('',*,*,#722,.T.);
#918=ORIENTED_EDGE('',*,*,#723,.T.);
#919=ORIENTED_EDGE('',*,*,#720,.F.);
#920=ORIENTED_EDGE('',*,*,#724,.T.);
#921=ORIENTED_EDGE('',*,*,#696,.F.);
#922=ORIENTED_EDGE('',*,*,#706,.F.);
#923=ORIENTED_EDGE('',*,*,#725,.T.);
#924=ORIENTED_EDGE('',*,*,#724,.F.);
#925=ORIENTED_EDGE('',*,*,#719,.F.);
#926=ORIENTED_EDGE('',*,*,#698,.F.);
#927=ORIENTED_EDGE('',*,*,#721,.F.);
#928=ORIENTED_EDGE('',*,*,#726,.T.);
#929=ORIENTED_EDGE('',*,*,#727,.T.);
#930=ORIENTED_EDGE('',*,*,#728,.T.);
#931=ORIENTED_EDGE('',*,*,#729,.T.);
#932=ORIENTED_EDGE('',*,*,#730,.T.);
#933=ORIENTED_EDGE('',*,*,#727,.F.);
#934=ORIENTED_EDGE('',*,*,#731,.T.);
#935=ORIENTED_EDGE('',*,*,#699,.F.);
#936=ORIENTED_EDGE('',*,*,#728,.F.);
#937=ORIENTED_EDGE('',*,*,#732,.T.);
#938=ORIENTED_EDGE('',*,*,#733,.F.);
#939=ORIENTED_EDGE('',*,*,#730,.F.);
#940=ORIENTED_EDGE('',*,*,#734,.F.);
#941=ORIENTED_EDGE('',*,*,#735,.F.);
#942=ORIENTED_EDGE('',*,*,#732,.F.);
#943=ORIENTED_EDGE('',*,*,#729,.F.);
#944=ORIENTED_EDGE('',*,*,#736,.F.);
#945=ORIENTED_EDGE('',*,*,#737,.F.);
#946=ORIENTED_EDGE('',*,*,#738,.T.);
#947=ORIENTED_EDGE('',*,*,#739,.F.);
#948=ORIENTED_EDGE('',*,*,#734,.T.);
#949=ORIENTED_EDGE('',*,*,#718,.T.);
#950=ORIENTED_EDGE('',*,*,#740,.T.);
#951=ORIENTED_EDGE('',*,*,#741,.T.);
#952=ORIENTED_EDGE('',*,*,#715,.T.);
#953=ORIENTED_EDGE('',*,*,#700,.F.);
#954=ORIENTED_EDGE('',*,*,#733,.T.);
#955=ORIENTED_EDGE('',*,*,#742,.T.);
#956=ORIENTED_EDGE('',*,*,#743,.T.);
#957=ORIENTED_EDGE('',*,*,#717,.F.);
#958=ORIENTED_EDGE('',*,*,#739,.T.);
#959=ORIENTED_EDGE('',*,*,#744,.T.);
#960=ORIENTED_EDGE('',*,*,#742,.F.);
#961=ORIENTED_EDGE('',*,*,#735,.T.);
#962=ORIENTED_EDGE('',*,*,#745,.F.);
#963=ORIENTED_EDGE('',*,*,#746,.T.);
#964=ORIENTED_EDGE('',*,*,#741,.F.);
#965=ORIENTED_EDGE('',*,*,#747,.T.);
#966=ORIENTED_EDGE('',*,*,#740,.F.);
#967=ORIENTED_EDGE('',*,*,#743,.F.);
#968=ORIENTED_EDGE('',*,*,#744,.F.);
#969=ORIENTED_EDGE('',*,*,#738,.F.);
#970=ORIENTED_EDGE('',*,*,#748,.F.);
#971=ORIENTED_EDGE('',*,*,#749,.F.);
#972=ORIENTED_EDGE('',*,*,#750,.F.);
#973=ORIENTED_EDGE('',*,*,#751,.F.);
#974=ORIENTED_EDGE('',*,*,#747,.F.);
#975=ORIENTED_EDGE('',*,*,#752,.F.);
#976=ORIENTED_EDGE('',*,*,#753,.F.);
#977=ORIENTED_EDGE('',*,*,#754,.F.);
#978=ORIENTED_EDGE('',*,*,#755,.F.);
#979=ORIENTED_EDGE('',*,*,#756,.F.);
#980=ORIENTED_EDGE('',*,*,#757,.T.);
#981=ORIENTED_EDGE('',*,*,#758,.T.);
#982=ORIENTED_EDGE('',*,*,#722,.F.);
#983=ORIENTED_EDGE('',*,*,#759,.T.);
#984=ORIENTED_EDGE('',*,*,#759,.F.);
#985=ORIENTED_EDGE('',*,*,#725,.F.);
#986=ORIENTED_EDGE('',*,*,#705,.F.);
#987=ORIENTED_EDGE('',*,*,#760,.F.);
#988=ORIENTED_EDGE('',*,*,#761,.F.);
#989=ORIENTED_EDGE('',*,*,#746,.F.);
#990=ORIENTED_EDGE('',*,*,#762,.F.);
#991=ORIENTED_EDGE('',*,*,#712,.F.);
#992=ORIENTED_EDGE('',*,*,#716,.F.);
#993=ORIENTED_EDGE('',*,*,#763,.F.);
#994=ORIENTED_EDGE('',*,*,#709,.F.);
#995=ORIENTED_EDGE('',*,*,#764,.T.);
#996=ORIENTED_EDGE('',*,*,#761,.T.);
#997=ORIENTED_EDGE('',*,*,#764,.F.);
#998=ORIENTED_EDGE('',*,*,#710,.F.);
#999=ORIENTED_EDGE('',*,*,#765,.T.);
#1000=ORIENTED_EDGE('',*,*,#763,.T.);
#1001=ORIENTED_EDGE('',*,*,#765,.F.);
#1002=ORIENTED_EDGE('',*,*,#762,.T.);
#1003=ORIENTED_EDGE('',*,*,#766,.T.);
#1004=ORIENTED_EDGE('',*,*,#760,.T.);
#1005=ORIENTED_EDGE('',*,*,#704,.T.);
#1006=ORIENTED_EDGE('',*,*,#708,.F.);
#1007=ORIENTED_EDGE('',*,*,#713,.F.);
#1008=ORIENTED_EDGE('',*,*,#767,.F.);
#1009=ORIENTED_EDGE('',*,*,#768,.T.);
#1010=ORIENTED_EDGE('',*,*,#752,.T.);
#1011=ORIENTED_EDGE('',*,*,#768,.F.);
#1012=ORIENTED_EDGE('',*,*,#754,.T.);
#1013=ORIENTED_EDGE('',*,*,#769,.T.);
#1014=ORIENTED_EDGE('',*,*,#770,.F.);
#1015=ORIENTED_EDGE('',*,*,#771,.F.);
#1016=ORIENTED_EDGE('',*,*,#755,.T.);
#1017=ORIENTED_EDGE('',*,*,#771,.T.);
#1018=ORIENTED_EDGE('',*,*,#772,.F.);
#1019=ORIENTED_EDGE('',*,*,#773,.F.);
#1020=ORIENTED_EDGE('',*,*,#756,.T.);
#1021=ORIENTED_EDGE('',*,*,#773,.T.);
#1022=ORIENTED_EDGE('',*,*,#774,.F.);
#1023=ORIENTED_EDGE('',*,*,#775,.F.);
#1024=ORIENTED_EDGE('',*,*,#753,.T.);
#1025=ORIENTED_EDGE('',*,*,#775,.T.);
#1026=ORIENTED_EDGE('',*,*,#776,.F.);
#1027=ORIENTED_EDGE('',*,*,#769,.F.);
#1028=ORIENTED_EDGE('',*,*,#748,.T.);
#1029=ORIENTED_EDGE('',*,*,#737,.T.);
#1030=ORIENTED_EDGE('',*,*,#777,.F.);
#1031=ORIENTED_EDGE('',*,*,#778,.F.);
#1032=ORIENTED_EDGE('',*,*,#749,.T.);
#1033=ORIENTED_EDGE('',*,*,#778,.T.);
#1034=ORIENTED_EDGE('',*,*,#779,.F.);
#1035=ORIENTED_EDGE('',*,*,#780,.F.);
#1036=ORIENTED_EDGE('',*,*,#750,.T.);
#1037=ORIENTED_EDGE('',*,*,#780,.T.);
#1038=ORIENTED_EDGE('',*,*,#781,.F.);
#1039=ORIENTED_EDGE('',*,*,#782,.F.);
#1040=ORIENTED_EDGE('',*,*,#751,.T.);
#1041=ORIENTED_EDGE('',*,*,#782,.T.);
#1042=ORIENTED_EDGE('',*,*,#783,.F.);
#1043=ORIENTED_EDGE('',*,*,#757,.F.);
#1044=ORIENTED_EDGE('',*,*,#766,.F.);
#1045=ORIENTED_EDGE('',*,*,#745,.T.);
#1046=ORIENTED_EDGE('',*,*,#758,.F.);
#1047=ORIENTED_EDGE('',*,*,#783,.T.);
#1048=ORIENTED_EDGE('',*,*,#781,.T.);
#1049=ORIENTED_EDGE('',*,*,#779,.T.);
#1050=ORIENTED_EDGE('',*,*,#777,.T.);
#1051=ORIENTED_EDGE('',*,*,#736,.T.);
#1052=ORIENTED_EDGE('',*,*,#731,.F.);
#1053=ORIENTED_EDGE('',*,*,#726,.F.);
#1054=ORIENTED_EDGE('',*,*,#723,.F.);
#1055=ORIENTED_EDGE('',*,*,#776,.T.);
#1056=ORIENTED_EDGE('',*,*,#774,.T.);
#1057=ORIENTED_EDGE('',*,*,#772,.T.);
#1058=ORIENTED_EDGE('',*,*,#770,.T.);
#1059=ORIENTED_EDGE('',*,*,#767,.T.);
#1060=ORIENTED_EDGE('',*,*,#784,.F.);
#1061=ORIENTED_EDGE('',*,*,#785,.F.);
#1062=ORIENTED_EDGE('',*,*,#786,.F.);
#1063=ORIENTED_EDGE('',*,*,#787,.T.);
#1064=ORIENTED_EDGE('',*,*,#788,.T.);
#1065=ORIENTED_EDGE('',*,*,#789,.T.);
#1066=ORIENTED_EDGE('',*,*,#790,.T.);
#1067=ORIENTED_EDGE('',*,*,#791,.T.);
#1068=ORIENTED_EDGE('',*,*,#792,.T.);
#1069=ORIENTED_EDGE('',*,*,#793,.F.);
#1070=ORIENTED_EDGE('',*,*,#794,.F.);
#1071=ORIENTED_EDGE('',*,*,#795,.F.);
#1072=ORIENTED_EDGE('',*,*,#796,.T.);
#1073=ORIENTED_EDGE('',*,*,#797,.T.);
#1074=ORIENTED_EDGE('',*,*,#798,.T.);
#1075=ORIENTED_EDGE('',*,*,#799,.T.);
#1076=ORIENTED_EDGE('',*,*,#800,.T.);
#1077=ORIENTED_EDGE('',*,*,#801,.T.);
#1078=ORIENTED_EDGE('',*,*,#793,.T.);
#1079=ORIENTED_EDGE('',*,*,#802,.T.);
#1080=ORIENTED_EDGE('',*,*,#803,.T.);
#1081=ORIENTED_EDGE('',*,*,#804,.T.);
#1082=ORIENTED_EDGE('',*,*,#784,.T.);
#1083=ORIENTED_EDGE('',*,*,#805,.T.);
#1084=ORIENTED_EDGE('',*,*,#806,.T.);
#1085=ORIENTED_EDGE('',*,*,#807,.T.);
#1086=ORIENTED_EDGE('',*,*,#807,.F.);
#1087=ORIENTED_EDGE('',*,*,#808,.F.);
#1088=ORIENTED_EDGE('',*,*,#809,.F.);
#1089=ORIENTED_EDGE('',*,*,#785,.T.);
#1090=ORIENTED_EDGE('',*,*,#810,.T.);
#1091=ORIENTED_EDGE('',*,*,#811,.T.);
#1092=ORIENTED_EDGE('',*,*,#812,.T.);
#1093=ORIENTED_EDGE('',*,*,#813,.T.);
#1094=ORIENTED_EDGE('',*,*,#802,.F.);
#1095=ORIENTED_EDGE('',*,*,#796,.F.);
#1096=ORIENTED_EDGE('',*,*,#811,.F.);
#1097=ORIENTED_EDGE('',*,*,#814,.T.);
#1098=ORIENTED_EDGE('',*,*,#815,.T.);
#1099=ORIENTED_EDGE('',*,*,#816,.T.);
#1100=ORIENTED_EDGE('',*,*,#817,.T.);
#1101=ORIENTED_EDGE('',*,*,#818,.T.);
#1102=ORIENTED_EDGE('',*,*,#786,.T.);
#1103=ORIENTED_EDGE('',*,*,#819,.T.);
#1104=ORIENTED_EDGE('',*,*,#820,.T.);
#1105=ORIENTED_EDGE('',*,*,#821,.F.);
#1106=ORIENTED_EDGE('',*,*,#822,.T.);
#1107=ORIENTED_EDGE('',*,*,#819,.F.);
#1108=ORIENTED_EDGE('',*,*,#809,.T.);
#1109=ORIENTED_EDGE('',*,*,#816,.F.);
#1110=ORIENTED_EDGE('',*,*,#823,.T.);
#1111=ORIENTED_EDGE('',*,*,#818,.F.);
#1112=ORIENTED_EDGE('',*,*,#824,.T.);
#1113=ORIENTED_EDGE('',*,*,#821,.T.);
#1114=ORIENTED_EDGE('',*,*,#825,.T.);
#1115=ORIENTED_EDGE('',*,*,#826,.T.);
#1116=ORIENTED_EDGE('',*,*,#827,.T.);
#1117=ORIENTED_EDGE('',*,*,#828,.T.);
#1118=ORIENTED_EDGE('',*,*,#829,.F.);
#1119=ORIENTED_EDGE('',*,*,#830,.F.);
#1120=ORIENTED_EDGE('',*,*,#831,.F.);
#1121=ORIENTED_EDGE('',*,*,#813,.F.);
#1122=ORIENTED_EDGE('',*,*,#832,.T.);
#1123=ORIENTED_EDGE('',*,*,#833,.T.);
#1124=ORIENTED_EDGE('',*,*,#834,.T.);
#1125=ORIENTED_EDGE('',*,*,#835,.T.);
#1126=ORIENTED_EDGE('',*,*,#820,.F.);
#1127=ORIENTED_EDGE('',*,*,#822,.F.);
#1128=ORIENTED_EDGE('',*,*,#815,.F.);
#1129=ORIENTED_EDGE('',*,*,#823,.F.);
#1130=ORIENTED_EDGE('',*,*,#795,.T.);
#1131=ORIENTED_EDGE('',*,*,#836,.T.);
#1132=ORIENTED_EDGE('',*,*,#829,.T.);
#1133=ORIENTED_EDGE('',*,*,#812,.F.);
#1134=ORIENTED_EDGE('',*,*,#837,.T.);
#1135=ORIENTED_EDGE('',*,*,#838,.T.);
#1136=ORIENTED_EDGE('',*,*,#830,.T.);
#1137=ORIENTED_EDGE('',*,*,#836,.F.);
#1138=ORIENTED_EDGE('',*,*,#804,.F.);
#1139=ORIENTED_EDGE('',*,*,#839,.F.);
#1140=ORIENTED_EDGE('',*,*,#837,.F.);
#1141=ORIENTED_EDGE('',*,*,#794,.T.);
#1142=ORIENTED_EDGE('',*,*,#840,.T.);
#1143=ORIENTED_EDGE('',*,*,#810,.F.);
#1144=ORIENTED_EDGE('',*,*,#831,.T.);
#1145=ORIENTED_EDGE('',*,*,#838,.F.);
#1146=ORIENTED_EDGE('',*,*,#803,.F.);
#1147=ORIENTED_EDGE('',*,*,#814,.F.);
#1148=ORIENTED_EDGE('',*,*,#840,.F.);
#1149=ORIENTED_EDGE('',*,*,#839,.T.);
#1150=ORIENTED_EDGE('',*,*,#841,.T.);
#1151=ORIENTED_EDGE('',*,*,#842,.T.);
#1152=ORIENTED_EDGE('',*,*,#843,.T.);
#1153=ORIENTED_EDGE('',*,*,#844,.T.);
#1154=ORIENTED_EDGE('',*,*,#845,.T.);
#1155=ORIENTED_EDGE('',*,*,#832,.F.);
#1156=ORIENTED_EDGE('',*,*,#846,.T.);
#1157=ORIENTED_EDGE('',*,*,#847,.F.);
#1158=ORIENTED_EDGE('',*,*,#846,.F.);
#1159=ORIENTED_EDGE('',*,*,#833,.F.);
#1160=ORIENTED_EDGE('',*,*,#848,.T.);
#1161=ORIENTED_EDGE('',*,*,#849,.F.);
#1162=ORIENTED_EDGE('',*,*,#848,.F.);
#1163=ORIENTED_EDGE('',*,*,#834,.F.);
#1164=ORIENTED_EDGE('',*,*,#850,.T.);
#1165=ORIENTED_EDGE('',*,*,#851,.F.);
#1166=ORIENTED_EDGE('',*,*,#850,.F.);
#1167=ORIENTED_EDGE('',*,*,#835,.F.);
#1168=ORIENTED_EDGE('',*,*,#852,.T.);
#1169=ORIENTED_EDGE('',*,*,#853,.F.);
#1170=ORIENTED_EDGE('',*,*,#852,.F.);
#1171=ORIENTED_EDGE('',*,*,#797,.F.);
#1172=ORIENTED_EDGE('',*,*,#854,.T.);
#1173=ORIENTED_EDGE('',*,*,#841,.F.);
#1174=ORIENTED_EDGE('',*,*,#854,.F.);
#1175=ORIENTED_EDGE('',*,*,#788,.F.);
#1176=ORIENTED_EDGE('',*,*,#855,.T.);
#1177=ORIENTED_EDGE('',*,*,#856,.F.);
#1178=ORIENTED_EDGE('',*,*,#855,.F.);
#1179=ORIENTED_EDGE('',*,*,#798,.F.);
#1180=ORIENTED_EDGE('',*,*,#857,.T.);
#1181=ORIENTED_EDGE('',*,*,#842,.F.);
#1182=ORIENTED_EDGE('',*,*,#857,.F.);
#1183=ORIENTED_EDGE('',*,*,#789,.F.);
#1184=ORIENTED_EDGE('',*,*,#858,.T.);
#1185=ORIENTED_EDGE('',*,*,#859,.F.);
#1186=ORIENTED_EDGE('',*,*,#858,.F.);
#1187=ORIENTED_EDGE('',*,*,#799,.F.);
#1188=ORIENTED_EDGE('',*,*,#860,.T.);
#1189=ORIENTED_EDGE('',*,*,#843,.F.);
#1190=ORIENTED_EDGE('',*,*,#860,.F.);
#1191=ORIENTED_EDGE('',*,*,#790,.F.);
#1192=ORIENTED_EDGE('',*,*,#861,.T.);
#1193=ORIENTED_EDGE('',*,*,#862,.F.);
#1194=ORIENTED_EDGE('',*,*,#861,.F.);
#1195=ORIENTED_EDGE('',*,*,#800,.F.);
#1196=ORIENTED_EDGE('',*,*,#863,.T.);
#1197=ORIENTED_EDGE('',*,*,#844,.F.);
#1198=ORIENTED_EDGE('',*,*,#863,.F.);
#1199=ORIENTED_EDGE('',*,*,#791,.F.);
#1200=ORIENTED_EDGE('',*,*,#864,.T.);
#1201=ORIENTED_EDGE('',*,*,#865,.F.);
#1202=ORIENTED_EDGE('',*,*,#864,.F.);
#1203=ORIENTED_EDGE('',*,*,#801,.F.);
#1204=ORIENTED_EDGE('',*,*,#866,.T.);
#1205=ORIENTED_EDGE('',*,*,#845,.F.);
#1206=ORIENTED_EDGE('',*,*,#866,.F.);
#1207=ORIENTED_EDGE('',*,*,#792,.F.);
#1208=ORIENTED_EDGE('',*,*,#867,.T.);
#1209=ORIENTED_EDGE('',*,*,#868,.F.);
#1210=ORIENTED_EDGE('',*,*,#867,.F.);
#1211=ORIENTED_EDGE('',*,*,#806,.F.);
#1212=ORIENTED_EDGE('',*,*,#869,.F.);
#1213=ORIENTED_EDGE('',*,*,#817,.F.);
#1214=ORIENTED_EDGE('',*,*,#808,.T.);
#1215=ORIENTED_EDGE('',*,*,#868,.T.);
#1216=ORIENTED_EDGE('',*,*,#865,.T.);
#1217=ORIENTED_EDGE('',*,*,#862,.T.);
#1218=ORIENTED_EDGE('',*,*,#859,.T.);
#1219=ORIENTED_EDGE('',*,*,#856,.T.);
#1220=ORIENTED_EDGE('',*,*,#805,.F.);
#1221=ORIENTED_EDGE('',*,*,#787,.F.);
#1222=ORIENTED_EDGE('',*,*,#824,.F.);
#1223=ORIENTED_EDGE('',*,*,#869,.T.);
#1224=ORIENTED_EDGE('',*,*,#870,.T.);
#1225=ORIENTED_EDGE('',*,*,#871,.T.);
#1226=ORIENTED_EDGE('',*,*,#828,.F.);
#1227=ORIENTED_EDGE('',*,*,#872,.F.);
#1228=ORIENTED_EDGE('',*,*,#873,.T.);
#1229=ORIENTED_EDGE('',*,*,#872,.T.);
#1230=ORIENTED_EDGE('',*,*,#827,.F.);
#1231=ORIENTED_EDGE('',*,*,#874,.F.);
#1232=ORIENTED_EDGE('',*,*,#875,.T.);
#1233=ORIENTED_EDGE('',*,*,#874,.T.);
#1234=ORIENTED_EDGE('',*,*,#826,.F.);
#1235=ORIENTED_EDGE('',*,*,#876,.F.);
#1236=ORIENTED_EDGE('',*,*,#877,.T.);
#1237=ORIENTED_EDGE('',*,*,#876,.T.);
#1238=ORIENTED_EDGE('',*,*,#825,.F.);
#1239=ORIENTED_EDGE('',*,*,#871,.F.);
#1240=ORIENTED_EDGE('',*,*,#877,.F.);
#1241=ORIENTED_EDGE('',*,*,#870,.F.);
#1242=ORIENTED_EDGE('',*,*,#873,.F.);
#1243=ORIENTED_EDGE('',*,*,#875,.F.);
#1244=ORIENTED_EDGE('',*,*,#847,.T.);
#1245=ORIENTED_EDGE('',*,*,#849,.T.);
#1246=ORIENTED_EDGE('',*,*,#851,.T.);
#1247=ORIENTED_EDGE('',*,*,#853,.T.);
#1248=CYLINDRICAL_SURFACE('',#1387,0.1);
#1249=CYLINDRICAL_SURFACE('',#1398,0.1);
#1250=CYLINDRICAL_SURFACE('',#1405,0.1);
#1251=CYLINDRICAL_SURFACE('',#1407,0.45);
#1252=CYLINDRICAL_SURFACE('',#1412,0.1);
#1253=CYLINDRICAL_SURFACE('',#1417,0.1);
#1254=CYLINDRICAL_SURFACE('',#1418,0.1);
#1255=CYLINDRICAL_SURFACE('',#1426,0.1);
#1256=CYLINDRICAL_SURFACE('',#1432,0.0785000000000001);
#1257=CYLINDRICAL_SURFACE('',#1433,0.0785000000000001);
#1258=CYLINDRICAL_SURFACE('',#1435,0.059);
#1259=CYLINDRICAL_SURFACE('',#1437,1.059);
#1260=CYLINDRICAL_SURFACE('',#1440,0.941);
#1261=CYLINDRICAL_SURFACE('',#1443,0.15);
#1262=CYLINDRICAL_SURFACE('',#1446,2.);
#1263=CYLINDRICAL_SURFACE('',#1465,0.5);
#1264=CYLINDRICAL_SURFACE('',#1467,0.5);
#1265=CYLINDRICAL_SURFACE('',#1470,0.2);
#1266=CYLINDRICAL_SURFACE('',#1474,0.2);
#1267=CYLINDRICAL_SURFACE('',#1477,0.2);
#1268=CYLINDRICAL_SURFACE('',#1480,0.2);
#1269=CYLINDRICAL_SURFACE('',#1481,0.2);
#1270=CYLINDRICAL_SURFACE('',#1487,0.2);
#1271=CYLINDRICAL_SURFACE('',#1489,0.2);
#1272=CYLINDRICAL_SURFACE('',#1492,0.2);
#1273=CYLINDRICAL_SURFACE('',#1499,0.098425);
#1274=CYLINDRICAL_SURFACE('',#1501,0.0984249999999998);
#1275=CYLINDRICAL_SURFACE('',#1503,0.098425);
#1276=CYLINDRICAL_SURFACE('',#1505,0.0984249999999998);
#1277=CYLINDRICAL_SURFACE('',#1507,0.0589999999999999);
#1278=CYLINDRICAL_SURFACE('',#1508,0.0589999999999999);
#1279=CYLINDRICAL_SURFACE('',#1510,0.0589999999999999);
#1280=CYLINDRICAL_SURFACE('',#1511,0.0589999999999999);
#1281=CYLINDRICAL_SURFACE('',#1513,0.0589999999999999);
#1282=CYLINDRICAL_SURFACE('',#1514,0.0589999999999999);
#1283=CYLINDRICAL_SURFACE('',#1516,0.059055);
#1284=CYLINDRICAL_SURFACE('',#1517,0.059055);
#1285=CYLINDRICAL_SURFACE('',#1519,0.0589999999999999);
#1286=CYLINDRICAL_SURFACE('',#1520,0.0589999999999999);
#1287=ADVANCED_FACE('',(#109),#1248,.T.);
#1288=ADVANCED_FACE('',(#110),#79,.T.);
#1289=ADVANCED_FACE('',(#111,#41,#42),#80,.T.);
#1290=ADVANCED_FACE('',(#112),#81,.T.);
#1291=ADVANCED_FACE('',(#113),#82,.T.);
#1292=ADVANCED_FACE('',(#114),#39,.T.);
#1293=ADVANCED_FACE('',(#115),#40,.T.);
#1294=ADVANCED_FACE('',(#116),#1249,.F.);
#1295=ADVANCED_FACE('',(#117),#83,.T.);
#1296=ADVANCED_FACE('',(#118),#27,.T.);
#1297=ADVANCED_FACE('',(#119),#1250,.T.);
#1298=ADVANCED_FACE('',(#120),#1251,.F.);
#1299=ADVANCED_FACE('',(#121),#84,.T.);
#1300=ADVANCED_FACE('',(#122),#85,.T.);
#1301=ADVANCED_FACE('',(#123),#1252,.F.);
#1302=ADVANCED_FACE('',(#124),#28,.T.);
#1303=ADVANCED_FACE('',(#125),#1253,.T.);
#1304=ADVANCED_FACE('',(#126),#1254,.F.);
#1305=ADVANCED_FACE('',(#127,#43,#44),#86,.F.);
#1306=ADVANCED_FACE('',(#128),#1255,.F.);
#1307=ADVANCED_FACE('',(#129,#45),#87,.F.);
#1308=ADVANCED_FACE('',(#130,#46),#88,.F.);
#1309=ADVANCED_FACE('',(#131),#1256,.F.);
#1310=ADVANCED_FACE('',(#132),#1257,.F.);
#1311=ADVANCED_FACE('',(#133),#89,.T.);
#1312=ADVANCED_FACE('',(#134),#1258,.F.);
#1313=ADVANCED_FACE('',(#135),#1259,.F.);
#1314=ADVANCED_FACE('',(#136),#90,.T.);
#1315=ADVANCED_FACE('',(#137),#1260,.T.);
#1316=ADVANCED_FACE('',(#138),#91,.T.);
#1317=ADVANCED_FACE('',(#139),#1261,.T.);
#1318=ADVANCED_FACE('',(#140),#92,.T.);
#1319=ADVANCED_FACE('',(#141),#1262,.T.);
#1320=ADVANCED_FACE('',(#142),#93,.T.);
#1321=ADVANCED_FACE('',(#143,#47,#48),#94,.T.);
#1322=ADVANCED_FACE('',(#144,#49,#50,#51,#52,#53),#95,.T.);
#1323=ADVANCED_FACE('',(#145,#54,#55,#56,#57,#58),#96,.T.);
#1324=ADVANCED_FACE('',(#146),#1263,.T.);
#1325=ADVANCED_FACE('',(#147),#1264,.T.);
#1326=ADVANCED_FACE('',(#148),#97,.T.);
#1327=ADVANCED_FACE('',(#149),#1265,.F.);
#1328=ADVANCED_FACE('',(#150),#98,.T.);
#1329=ADVANCED_FACE('',(#151),#1266,.F.);
#1330=ADVANCED_FACE('',(#152),#1267,.F.);
#1331=ADVANCED_FACE('',(#153),#1268,.F.);
#1332=ADVANCED_FACE('',(#154),#1269,.F.);
#1333=ADVANCED_FACE('',(#155,#59,#60,#61,#62,#63,#64),#99,.T.);
#1334=ADVANCED_FACE('',(#156),#1270,.F.);
#1335=ADVANCED_FACE('',(#157),#1271,.F.);
#1336=ADVANCED_FACE('',(#158),#100,.T.);
#1337=ADVANCED_FACE('',(#159),#1272,.F.);
#1338=ADVANCED_FACE('',(#160,#65,#66,#67,#68,#69),#101,.T.);
#1339=ADVANCED_FACE('',(#161),#1273,.F.);
#1340=ADVANCED_FACE('',(#162),#1274,.F.);
#1341=ADVANCED_FACE('',(#163),#1275,.F.);
#1342=ADVANCED_FACE('',(#164),#1276,.F.);
#1343=ADVANCED_FACE('',(#165),#1277,.F.);
#1344=ADVANCED_FACE('',(#166),#1278,.F.);
#1345=ADVANCED_FACE('',(#167),#1279,.F.);
#1346=ADVANCED_FACE('',(#168),#1280,.F.);
#1347=ADVANCED_FACE('',(#169),#1281,.F.);
#1348=ADVANCED_FACE('',(#170),#1282,.F.);
#1349=ADVANCED_FACE('',(#171),#1283,.F.);
#1350=ADVANCED_FACE('',(#172),#1284,.F.);
#1351=ADVANCED_FACE('',(#173),#1285,.F.);
#1352=ADVANCED_FACE('',(#174),#1286,.F.);
#1353=ADVANCED_FACE('',(#175,#70,#71,#72,#73,#74),#102,.T.);
#1354=ADVANCED_FACE('',(#176),#103,.T.);
#1355=ADVANCED_FACE('',(#177),#104,.T.);
#1356=ADVANCED_FACE('',(#178),#105,.T.);
#1357=ADVANCED_FACE('',(#179),#106,.T.);
#1358=ADVANCED_FACE('',(#180),#107,.T.);
#1359=ADVANCED_FACE('',(#181,#75,#76,#77,#78),#108,.F.);
#1360=CLOSED_SHELL('',(#1287,#1288,#1289,#1290,#1291,#1292,#1293,#1294,
#1295,#1296,#1297,#1298,#1299,#1300,#1301,#1302,#1303,#1304,#1305,#1306,
#1307,#1308,#1309,#1310,#1311,#1312,#1313,#1314,#1315,#1316,#1317,#1318,
#1319,#1320,#1321));
#1361=CLOSED_SHELL('',(#1322,#1323,#1324,#1325,#1326,#1327,#1328,#1329,
#1330,#1331,#1332,#1333,#1334,#1335,#1336,#1337,#1338,#1339,#1340,#1341,
#1342,#1343,#1344,#1345,#1346,#1347,#1348,#1349,#1350,#1351,#1352,#1353,
#1354,#1355,#1356,#1357,#1358,#1359));
#1362=DERIVED_UNIT_ELEMENT(#1366,1.);
#1363=DERIVED_UNIT_ELEMENT(#2424,-3.);
#1364=DERIVED_UNIT_ELEMENT(#1366,1.);
#1365=DERIVED_UNIT_ELEMENT(#2424,-3.);
#1366=(
MASS_UNIT()
NAMED_UNIT(*)
SI_UNIT(.KILO.,.GRAM.)
);
#1367=DERIVED_UNIT((#1362,#1363));
#1368=DERIVED_UNIT((#1364,#1365));
#1369=MEASURE_REPRESENTATION_ITEM('density measure',
POSITIVE_RATIO_MEASURE(7850.),#1367);
#1370=MEASURE_REPRESENTATION_ITEM('density measure',
POSITIVE_RATIO_MEASURE(7850.),#1368);
#1371=PROPERTY_DEFINITION_REPRESENTATION(#1381,#1375);
#1372=PROPERTY_DEFINITION_REPRESENTATION(#1382,#1376);
#1373=PROPERTY_DEFINITION_REPRESENTATION(#1383,#1377);
#1374=PROPERTY_DEFINITION_REPRESENTATION(#1384,#1378);
#1375=REPRESENTATION('material name',(#1379),#2418);
#1376=REPRESENTATION('density',(#1369),#2418);
#1377=REPRESENTATION('material name',(#1380),#2419);
#1378=REPRESENTATION('density',(#1370),#2419);
#1379=DESCRIPTIVE_REPRESENTATION_ITEM('Steel','Steel');
#1380=DESCRIPTIVE_REPRESENTATION_ITEM('Steel','Steel');
#1381=PROPERTY_DEFINITION('material property','material name',#2441);
#1382=PROPERTY_DEFINITION('material property','density of part',#2441);
#1383=PROPERTY_DEFINITION('material property','material name',#2442);
#1384=PROPERTY_DEFINITION('material property','density of part',#2442);
#1385=AXIS2_PLACEMENT_3D('',#1930,#1531,#1532);
#1386=AXIS2_PLACEMENT_3D('',#1931,#1533,#1534);
#1387=AXIS2_PLACEMENT_3D('',#1932,#1535,#1536);
#1388=AXIS2_PLACEMENT_3D('',#1935,#1537,#1538);
#1389=AXIS2_PLACEMENT_3D('',#1939,#1540,#1541);
#1390=AXIS2_PLACEMENT_3D('',#1977,#1545,#1546);
#1391=AXIS2_PLACEMENT_3D('',#1985,#1551,#1552);
#1392=AXIS2_PLACEMENT_3D('',#1990,#1555,#1556);
#1393=AXIS2_PLACEMENT_3D('',#1992,#1557,#1558);
#1394=AXIS2_PLACEMENT_3D('',#1993,#1559,#1560);
#1395=AXIS2_PLACEMENT_3D('',#1999,#1564,#1565);
#1396=AXIS2_PLACEMENT_3D('',#2047,#1568,#1569);
#1397=AXIS2_PLACEMENT_3D('',#2086,#1570,#1571);
#1398=AXIS2_PLACEMENT_3D('',#2093,#1572,#1573);
#1399=AXIS2_PLACEMENT_3D('',#2096,#1574,#1575);
#1400=AXIS2_PLACEMENT_3D('',#2099,#1578,#1579);
#1401=AXIS2_PLACEMENT_3D('',#2101,#1581,#1582);
#1402=AXIS2_PLACEMENT_3D('',#2103,#1583,#1584);
#1403=AXIS2_PLACEMENT_3D('',#2105,#1585,#1586);
#1404=AXIS2_PLACEMENT_3D('',#2106,#1587,#1588);
#1405=AXIS2_PLACEMENT_3D('',#2107,#1589,#1590);
#1406=AXIS2_PLACEMENT_3D('',#2110,#1591,#1592);
#1407=AXIS2_PLACEMENT_3D('',#2113,#1595,#1596);
#1408=AXIS2_PLACEMENT_3D('',#2116,#1598,#1599);
#1409=AXIS2_PLACEMENT_3D('',#2117,#1600,#1601);
#1410=AXIS2_PLACEMENT_3D('',#2121,#1604,#1605);
#1411=AXIS2_PLACEMENT_3D('',#2128,#1609,#1610);
#1412=AXIS2_PLACEMENT_3D('',#2129,#1611,#1612);
#1413=AXIS2_PLACEMENT_3D('',#2132,#1614,#1615);
#1414=AXIS2_PLACEMENT_3D('',#2133,#1616,#1617);
#1415=AXIS2_PLACEMENT_3D('',#2135,#1618,#1619);
#1416=AXIS2_PLACEMENT_3D('',#2136,#1620,#1621);
#1417=AXIS2_PLACEMENT_3D('',#2137,#1622,#1623);
#1418=AXIS2_PLACEMENT_3D('',#2139,#1625,#1626);
#1419=AXIS2_PLACEMENT_3D('',#2142,#1627,#1628);
#1420=AXIS2_PLACEMENT_3D('',#2145,#1631,#1632);
#1421=AXIS2_PLACEMENT_3D('',#2147,#1633,#1634);
#1422=AXIS2_PLACEMENT_3D('',#2151,#1636,#1637);
#1423=AXIS2_PLACEMENT_3D('',#2154,#1639,#1640);
#1424=AXIS2_PLACEMENT_3D('',#2159,#1642,#1643);
#1425=AXIS2_PLACEMENT_3D('',#2162,#1645,#1646);
#1426=AXIS2_PLACEMENT_3D('',#2163,#1647,#1648);
#1427=AXIS2_PLACEMENT_3D('',#2166,#1649,#1650);
#1428=AXIS2_PLACEMENT_3D('',#2169,#1653,#1654);
#1429=AXIS2_PLACEMENT_3D('',#2172,#1656,#1657);
#1430=AXIS2_PLACEMENT_3D('',#2173,#1658,#1659);
#1431=AXIS2_PLACEMENT_3D('',#2176,#1661,#1662);
#1432=AXIS2_PLACEMENT_3D('',#2177,#1663,#1664);
#1433=AXIS2_PLACEMENT_3D('',#2179,#1666,#1667);
#1434=AXIS2_PLACEMENT_3D('',#2181,#1669,#1670);
#1435=AXIS2_PLACEMENT_3D('',#2183,#1672,#1673);
#1436=AXIS2_PLACEMENT_3D('',#2185,#1674,#1675);
#1437=AXIS2_PLACEMENT_3D('',#2187,#1677,#1678);
#1438=AXIS2_PLACEMENT_3D('',#2191,#1680,#1681);
#1439=AXIS2_PLACEMENT_3D('',#2193,#1683,#1684);
#1440=AXIS2_PLACEMENT_3D('',#2197,#1687,#1688);
#1441=AXIS2_PLACEMENT_3D('',#2199,#1689,#1690);
#1442=AXIS2_PLACEMENT_3D('',#2201,#1692,#1693);
#1443=AXIS2_PLACEMENT_3D('',#2203,#1695,#1696);
#1444=AXIS2_PLACEMENT_3D('',#2205,#1697,#1698);
#1445=AXIS2_PLACEMENT_3D('',#2207,#1700,#1701);
#1446=AXIS2_PLACEMENT_3D('',#2211,#1704,#1705);
#1447=AXIS2_PLACEMENT_3D('',#2213,#1706,#1707);
#1448=AXIS2_PLACEMENT_3D('',#2215,#1709,#1710);
#1449=AXIS2_PLACEMENT_3D('',#2217,#1712,#1713);
#1450=AXIS2_PLACEMENT_3D('',#2218,#1714,#1715);
#1451=AXIS2_PLACEMENT_3D('',#2219,#1716,#1717);
#1452=AXIS2_PLACEMENT_3D('',#2222,#1718,#1719);
#1453=AXIS2_PLACEMENT_3D('',#2229,#1723,#1724);
#1454=AXIS2_PLACEMENT_3D('',#2231,#1725,#1726);
#1455=AXIS2_PLACEMENT_3D('',#2233,#1727,#1728);
#1456=AXIS2_PLACEMENT_3D('',#2235,#1729,#1730);
#1457=AXIS2_PLACEMENT_3D('',#2237,#1731,#1732);
#1458=AXIS2_PLACEMENT_3D('',#2238,#1733,#1734);
#1459=AXIS2_PLACEMENT_3D('',#2241,#1735,#1736);
#1460=AXIS2_PLACEMENT_3D('',#2248,#1740,#1741);
#1461=AXIS2_PLACEMENT_3D('',#2250,#1742,#1743);
#1462=AXIS2_PLACEMENT_3D('',#2252,#1744,#1745);
#1463=AXIS2_PLACEMENT_3D('',#2254,#1746,#1747);
#1464=AXIS2_PLACEMENT_3D('',#2256,#1748,#1749);
#1465=AXIS2_PLACEMENT_3D('',#2257,#1750,#1751);
#1466=AXIS2_PLACEMENT_3D('',#2261,#1753,#1754);
#1467=AXIS2_PLACEMENT_3D('',#2263,#1756,#1757);
#1468=AXIS2_PLACEMENT_3D('',#2267,#1759,#1760);
#1469=AXIS2_PLACEMENT_3D('',#2269,#1762,#1763);
#1470=AXIS2_PLACEMENT_3D('',#2273,#1766,#1767);
#1471=AXIS2_PLACEMENT_3D('',#2276,#1768,#1769);
#1472=AXIS2_PLACEMENT_3D('',#2279,#1771,#1772);
#1473=AXIS2_PLACEMENT_3D('',#2281,#1774,#1775);
#1474=AXIS2_PLACEMENT_3D('',#2283,#1777,#1778);
#1475=AXIS2_PLACEMENT_3D('',#2287,#1780,#1781);
#1476=AXIS2_PLACEMENT_3D('',#2290,#1783,#1784);
#1477=AXIS2_PLACEMENT_3D('',#2291,#1785,#1786);
#1478=AXIS2_PLACEMENT_3D('',#2293,#1787,#1788);
#1479=AXIS2_PLACEMENT_3D('',#2296,#1790,#1791);
#1480=AXIS2_PLACEMENT_3D('',#2297,#1792,#1793);
#1481=AXIS2_PLACEMENT_3D('',#2299,#1795,#1796);
#1482=AXIS2_PLACEMENT_3D('',#2302,#1799,#1800);
#1483=AXIS2_PLACEMENT_3D('',#2317,#1808,#1809);
#1484=AXIS2_PLACEMENT_3D('',#2319,#1810,#1811);
#1485=AXIS2_PLACEMENT_3D('',#2321,#1812,#1813);
#1486=AXIS2_PLACEMENT_3D('',#2323,#1814,#1815);
#1487=AXIS2_PLACEMENT_3D('',#2324,#1816,#1817);
#1488=AXIS2_PLACEMENT_3D('',#2325,#1818,#1819);
#1489=AXIS2_PLACEMENT_3D('',#2326,#1820,#1821);
#1490=AXIS2_PLACEMENT_3D('',#2329,#1823,#1824);
#1491=AXIS2_PLACEMENT_3D('',#2330,#1825,#1826);
#1492=AXIS2_PLACEMENT_3D('',#2332,#1828,#1829);
#1493=AXIS2_PLACEMENT_3D('',#2334,#1831,#1832);
#1494=AXIS2_PLACEMENT_3D('',#2336,#1833,#1834);
#1495=AXIS2_PLACEMENT_3D('',#2338,#1835,#1836);
#1496=AXIS2_PLACEMENT_3D('',#2340,#1837,#1838);
#1497=AXIS2_PLACEMENT_3D('',#2342,#1839,#1840);
#1498=AXIS2_PLACEMENT_3D('',#2344,#1841,#1842);
#1499=AXIS2_PLACEMENT_3D('',#2345,#1843,#1844);
#1500=AXIS2_PLACEMENT_3D('',#2348,#1846,#1847);
#1501=AXIS2_PLACEMENT_3D('',#2349,#1848,#1849);
#1502=AXIS2_PLACEMENT_3D('',#2352,#1851,#1852);
#1503=AXIS2_PLACEMENT_3D('',#2353,#1853,#1854);
#1504=AXIS2_PLACEMENT_3D('',#2356,#1856,#1857);
#1505=AXIS2_PLACEMENT_3D('',#2357,#1858,#1859);
#1506=AXIS2_PLACEMENT_3D('',#2360,#1861,#1862);
#1507=AXIS2_PLACEMENT_3D('',#2361,#1863,#1864);
#1508=AXIS2_PLACEMENT_3D('',#2363,#1866,#1867);
#1509=AXIS2_PLACEMENT_3D('',#2366,#1869,#1870);
#1510=AXIS2_PLACEMENT_3D('',#2367,#1871,#1872);
#1511=AXIS2_PLACEMENT_3D('',#2369,#1874,#1875);
#1512=AXIS2_PLACEMENT_3D('',#2372,#1877,#1878);
#1513=AXIS2_PLACEMENT_3D('',#2373,#1879,#1880);
#1514=AXIS2_PLACEMENT_3D('',#2375,#1882,#1883);
#1515=AXIS2_PLACEMENT_3D('',#2378,#1885,#1886);
#1516=AXIS2_PLACEMENT_3D('',#2379,#1887,#1888);
#1517=AXIS2_PLACEMENT_3D('',#2381,#1890,#1891);
#1518=AXIS2_PLACEMENT_3D('',#2384,#1893,#1894);
#1519=AXIS2_PLACEMENT_3D('',#2385,#1895,#1896);
#1520=AXIS2_PLACEMENT_3D('',#2387,#1898,#1899);
#1521=AXIS2_PLACEMENT_3D('',#2390,#1901,#1902);
#1522=AXIS2_PLACEMENT_3D('',#2391,#1903,#1904);
#1523=AXIS2_PLACEMENT_3D('',#2393,#1906,#1907);
#1524=AXIS2_PLACEMENT_3D('',#2394,#1908,#1909);
#1525=AXIS2_PLACEMENT_3D('',#2400,#1913,#1914);
#1526=AXIS2_PLACEMENT_3D('',#2404,#1917,#1918);
#1527=AXIS2_PLACEMENT_3D('',#2408,#1921,#1922);
#1528=AXIS2_PLACEMENT_3D('',#2410,#1924,#1925);
#1529=AXIS2_PLACEMENT_3D('',#2411,#1926,#1927);
#1530=AXIS2_PLACEMENT_3D('',#2412,#1928,#1929);
#1531=DIRECTION('axis',(0.,0.,1.));
#1532=DIRECTION('refdir',(1.,0.,0.));
#1533=DIRECTION('axis',(0.,0.,1.));
#1534=DIRECTION('refdir',(1.,0.,0.));
#1535=DIRECTION('center_axis',(0.,0.,-1.));
#1536=DIRECTION('ref_axis',(0.797724035217466,-0.603022689155527,0.));
#1537=DIRECTION('center_axis',(0.,0.,1.));
#1538=DIRECTION('ref_axis',(0.797724035217466,-0.603022689155527,0.));
#1539=DIRECTION('',(0.,0.,1.));
#1540=DIRECTION('center_axis',(0.,0.,-1.));
#1541=DIRECTION('ref_axis',(0.797724035217466,-0.603022689155527,0.));
#1542=DIRECTION('',(0.,0.,-1.));
#1543=DIRECTION('',(0.,0.,-1.));
#1544=DIRECTION('',(0.,0.,-1.));
#1545=DIRECTION('center_axis',(0.,0.,1.));
#1546=DIRECTION('ref_axis',(0.,-1.,0.));
#1547=DIRECTION('',(0.,-1.,0.));
#1548=DIRECTION('',(1.,0.,0.));
#1549=DIRECTION('',(0.,-1.,0.));
#1550=DIRECTION('',(1.,0.,0.));
#1551=DIRECTION('center_axis',(1.,0.,0.));
#1552=DIRECTION('ref_axis',(0.,1.,0.));
#1553=DIRECTION('',(0.,1.,0.));
#1554=DIRECTION('',(0.,0.,1.));
#1555=DIRECTION('center_axis',(-1.,0.,0.));
#1556=DIRECTION('ref_axis',(0.,1.,0.));
#1557=DIRECTION('center_axis',(-1.,0.,0.));
#1558=DIRECTION('ref_axis',(0.,1.,0.));
#1559=DIRECTION('center_axis',(0.,0.,-1.));
#1560=DIRECTION('ref_axis',(0.,1.,0.));
#1561=DIRECTION('',(1.,0.,0.));
#1562=DIRECTION('',(0.,1.,0.));
#1563=DIRECTION('',(1.,0.,0.));
#1564=DIRECTION('center_axis',(0.,-1.,0.));
#1565=DIRECTION('ref_axis',(0.,0.,-1.));
#1566=DIRECTION('',(1.,0.,0.));
#1567=DIRECTION('',(0.,0.,-1.));
#1568=DIRECTION('center_axis',(1.,0.,4.37095678986281E-16));
#1569=DIRECTION('ref_axis',(0.,1.,0.));
#1570=DIRECTION('center_axis',(-1.,0.,4.37095678986282E-16));
#1571=DIRECTION('ref_axis',(0.,1.,0.));
#1572=DIRECTION('center_axis',(-1.,0.,0.));
#1573=DIRECTION('ref_axis',(0.,0.707106781186547,-0.707106781186548));
#1574=DIRECTION('center_axis',(-0.707106781186548,0.707106781186548,0.));
#1575=DIRECTION('ref_axis',(0.707106781186547,0.707106781186547,0.));
#1576=DIRECTION('',(1.,0.,0.));
#1577=DIRECTION('',(-1.,0.,0.));
#1578=DIRECTION('center_axis',(0.,-1.,0.));
#1579=DIRECTION('ref_axis',(0.,0.,-1.));
#1580=DIRECTION('',(0.,0.,-1.));
#1581=DIRECTION('center_axis',(0.,0.,1.));
#1582=DIRECTION('ref_axis',(1.,0.,0.));
#1583=DIRECTION('center_axis',(0.,0.,1.));
#1584=DIRECTION('ref_axis',(-0.74535599249993,0.666666666666667,0.));
#1585=DIRECTION('center_axis',(0.,1.,0.));
#1586=DIRECTION('ref_axis',(0.,0.,1.));
#1587=DIRECTION('center_axis',(0.,0.,-1.));
#1588=DIRECTION('ref_axis',(-0.74535599249993,0.666666666666667,0.));
#1589=DIRECTION('center_axis',(6.55643497555021E-17,1.,0.));
#1590=DIRECTION('ref_axis',(0.707106781186547,0.,0.707106781186547));
#1591=DIRECTION('center_axis',(6.12323360489936E-17,1.,0.));
#1592=DIRECTION('ref_axis',(0.707106781186547,0.,0.707106781186547));
#1593=DIRECTION('',(6.55643497555021E-17,1.,0.));
#1594=DIRECTION('',(-6.55643497555021E-17,-1.,0.));
#1595=DIRECTION('center_axis',(0.,0.,1.));
#1596=DIRECTION('ref_axis',(-0.111111111111111,0.993807989999906,0.));
#1597=DIRECTION('',(0.,0.,-1.));
#1598=DIRECTION('center_axis',(0.,0.,1.));
#1599=DIRECTION('ref_axis',(-0.74535599249993,0.666666666666667,0.));
#1600=DIRECTION('center_axis',(1.,-6.55643497555021E-17,0.));
#1601=DIRECTION('ref_axis',(6.55643497555021E-17,1.,0.));
#1602=DIRECTION('',(0.,0.,1.));
#1603=DIRECTION('',(-6.55643497555021E-17,-1.,0.));
#1604=DIRECTION('center_axis',(-6.12323360489936E-17,-1.,0.));
#1605=DIRECTION('ref_axis',(1.,-6.12323360489936E-17,0.));
#1606=DIRECTION('',(1.,-6.12323360489936E-17,0.));
#1607=DIRECTION('',(0.,0.,1.));
#1608=DIRECTION('',(1.,-6.12323360489936E-17,0.));
#1609=DIRECTION('center_axis',(6.12323360489936E-17,1.,0.));
#1610=DIRECTION('ref_axis',(0.707106781186547,0.,-0.707106781186547));
#1611=DIRECTION('center_axis',(1.,0.,0.));
#1612=DIRECTION('ref_axis',(0.,0.707106781186546,0.707106781186549));
#1613=DIRECTION('',(-1.,0.,0.));
#1614=DIRECTION('center_axis',(-0.707106781186548,0.707106781186547,0.));
#1615=DIRECTION('ref_axis',(0.707106781186547,0.707106781186548,0.));
#1616=DIRECTION('center_axis',(0.,0.,1.));
#1617=DIRECTION('ref_axis',(1.,0.,0.));
#1618=DIRECTION('center_axis',(0.,1.,0.));
#1619=DIRECTION('ref_axis',(1.,0.,0.));
#1620=DIRECTION('center_axis',(0.,0.,-1.));
#1621=DIRECTION('ref_axis',(-0.74535599249993,0.666666666666667,0.));
#1622=DIRECTION('center_axis',(6.55643497555021E-17,1.,0.));
#1623=DIRECTION('ref_axis',(0.707106781186547,0.,-0.707106781186547));
#1624=DIRECTION('',(6.55643497555021E-17,1.,0.));
#1625=DIRECTION('center_axis',(0.,1.,0.));
#1626=DIRECTION('ref_axis',(0.707106781186548,0.,0.707106781186547));
#1627=DIRECTION('center_axis',(-2.13564450621557E-7,0.999999999999977,0.));
#1628=DIRECTION('ref_axis',(0.70710678118654,1.51012871254884E-7,0.707106781186539));
#1629=DIRECTION('',(0.,-1.,0.));
#1630=DIRECTION('',(0.,1.,0.));
#1631=DIRECTION('center_axis',(0.,0.,1.));
#1632=DIRECTION('ref_axis',(1.,0.,0.));
#1633=DIRECTION('center_axis',(0.,0.,1.));
#1634=DIRECTION('ref_axis',(1.,0.,0.));
#1635=DIRECTION('',(1.,0.,0.));
#1636=DIRECTION('center_axis',(0.,0.,1.));
#1637=DIRECTION('ref_axis',(0.0750000000000001,0.997183533758957,0.));
#1638=DIRECTION('',(-0.999999999999977,-2.13564450621557E-7,0.));
#1639=DIRECTION('center_axis',(0.,0.,-1.));
#1640=DIRECTION('ref_axis',(1.,0.,0.));
#1641=DIRECTION('',(-6.57495331885322E-17,-1.,0.));
#1642=DIRECTION('center_axis',(0.,0.,-1.));
#1643=DIRECTION('ref_axis',(0.141643059490085,0.989917796434779,0.));
#1644=DIRECTION('',(-1.,0.,0.));
#1645=DIRECTION('center_axis',(0.,0.,1.));
#1646=DIRECTION('ref_axis',(0.159404888416578,0.987213290808475,0.));
#1647=DIRECTION('center_axis',(0.,1.,0.));
#1648=DIRECTION('ref_axis',(0.707106781186548,0.,-0.707106781186547));
#1649=DIRECTION('center_axis',(-2.13564450621557E-7,0.999999999999977,0.));
#1650=DIRECTION('ref_axis',(0.70710678118654,1.51012871254884E-7,-0.707106781186539));
#1651=DIRECTION('',(0.,-1.,0.));
#1652=DIRECTION('',(0.,1.,0.));
#1653=DIRECTION('center_axis',(1.,0.,0.));
#1654=DIRECTION('ref_axis',(0.,1.,0.));
#1655=DIRECTION('',(0.,0.,1.));
#1656=DIRECTION('center_axis',(-1.,0.,0.));
#1657=DIRECTION('ref_axis',(0.,1.,0.));
#1658=DIRECTION('center_axis',(1.,0.,0.));
#1659=DIRECTION('ref_axis',(0.,1.,0.));
#1660=DIRECTION('',(0.,0.,1.));
#1661=DIRECTION('center_axis',(-1.,0.,0.));
#1662=DIRECTION('ref_axis',(0.,1.,0.));
#1663=DIRECTION('center_axis',(1.,0.,0.));
#1664=DIRECTION('ref_axis',(0.,1.,0.));
#1665=DIRECTION('',(-1.,0.,0.));
#1666=DIRECTION('center_axis',(1.,0.,0.));
#1667=DIRECTION('ref_axis',(0.,1.,0.));
#1668=DIRECTION('',(-1.,0.,0.));
#1669=DIRECTION('center_axis',(0.,1.,0.));
#1670=DIRECTION('ref_axis',(0.,0.,1.));
#1671=DIRECTION('',(0.,0.,1.));
#1672=DIRECTION('center_axis',(0.,0.,1.));
#1673=DIRECTION('ref_axis',(1.,0.,0.));
#1674=DIRECTION('center_axis',(0.,0.,-1.));
#1675=DIRECTION('ref_axis',(1.,0.,0.));
#1676=DIRECTION('',(0.,0.,-1.));
#1677=DIRECTION('center_axis',(0.,0.,1.));
#1678=DIRECTION('ref_axis',(0.141643059490085,0.989917796434779,0.));
#1679=DIRECTION('',(0.,0.,1.));
#1680=DIRECTION('center_axis',(0.,0.,-1.));
#1681=DIRECTION('ref_axis',(0.141643059490085,0.989917796434779,0.));
#1682=DIRECTION('',(0.,0.,1.));
#1683=DIRECTION('center_axis',(0.,1.,0.));
#1684=DIRECTION('ref_axis',(-1.,0.,0.));
#1685=DIRECTION('',(-1.,0.,0.));
#1686=DIRECTION('',(0.,0.,1.));
#1687=DIRECTION('center_axis',(0.,0.,1.));
#1688=DIRECTION('ref_axis',(0.159404888416578,0.987213290808475,0.));
#1689=DIRECTION('center_axis',(0.,0.,1.));
#1690=DIRECTION('ref_axis',(0.159404888416578,0.987213290808475,0.));
#1691=DIRECTION('',(0.,0.,1.));
#1692=DIRECTION('center_axis',(-1.,6.57495331885322E-17,0.));
#1693=DIRECTION('ref_axis',(-6.57495331885322E-17,-1.,0.));
#1694=DIRECTION('',(-6.57495331885322E-17,-1.,0.));
#1695=DIRECTION('center_axis',(0.,0.,1.));
#1696=DIRECTION('ref_axis',(1.,0.,0.));
#1697=DIRECTION('center_axis',(0.,0.,1.));
#1698=DIRECTION('ref_axis',(1.,0.,0.));
#1699=DIRECTION('',(0.,0.,1.));
#1700=DIRECTION('center_axis',(0.,-1.,0.));
#1701=DIRECTION('ref_axis',(1.,0.,0.));
#1702=DIRECTION('',(1.,0.,0.));
#1703=DIRECTION('',(0.,0.,1.));
#1704=DIRECTION('center_axis',(0.,0.,1.));
#1705=DIRECTION('ref_axis',(0.0750000000000001,0.997183533758957,0.));
#1706=DIRECTION('center_axis',(0.,0.,1.));
#1707=DIRECTION('ref_axis',(0.0750000000000001,0.997183533758957,0.));
#1708=DIRECTION('',(0.,0.,1.));
#1709=DIRECTION('center_axis',(-2.13564450621557E-7,0.999999999999977,0.));
#1710=DIRECTION('ref_axis',(-0.999999999999977,-2.13564450621557E-7,0.));
#1711=DIRECTION('',(-0.999999999999977,-2.13564450621557E-7,0.));
#1712=DIRECTION('center_axis',(0.,0.,1.));
#1713=DIRECTION('ref_axis',(1.,0.,0.));
#1714=DIRECTION('axis',(0.,0.,1.));
#1715=DIRECTION('refdir',(1.,0.,0.));
#1716=DIRECTION('center_axis',(1.,0.,0.));
#1717=DIRECTION('ref_axis',(0.,1.,0.));
#1718=DIRECTION('center_axis',(-1.,0.,0.));
#1719=DIRECTION('ref_axis',(0.,0.707106781186548,0.707106781186547));
#1720=DIRECTION('',(0.,0.,1.));
#1721=DIRECTION('',(0.,-1.,0.));
#1722=DIRECTION('',(0.,0.,1.));
#1723=DIRECTION('center_axis',(-1.,0.,0.));
#1724=DIRECTION('ref_axis',(0.,1.,0.));
#1725=DIRECTION('center_axis',(-1.,0.,0.));
#1726=DIRECTION('ref_axis',(0.,1.,0.));
#1727=DIRECTION('center_axis',(-1.,0.,0.));
#1728=DIRECTION('ref_axis',(0.,1.,0.));
#1729=DIRECTION('center_axis',(-1.,0.,0.));
#1730=DIRECTION('ref_axis',(0.,1.,0.));
#1731=DIRECTION('center_axis',(-1.,0.,0.));
#1732=DIRECTION('ref_axis',(0.,1.,0.));
#1733=DIRECTION('center_axis',(1.,0.,0.));
#1734=DIRECTION('ref_axis',(0.,1.,0.));
#1735=DIRECTION('center_axis',(-1.,0.,0.));
#1736=DIRECTION('ref_axis',(0.,0.707106781186548,0.707106781186547));
#1737=DIRECTION('',(0.,0.,1.));
#1738=DIRECTION('',(0.,-1.,0.));
#1739=DIRECTION('',(0.,0.,1.));
#1740=DIRECTION('center_axis',(-1.,0.,0.));
#1741=DIRECTION('ref_axis',(0.,1.,0.));
#1742=DIRECTION('center_axis',(-1.,0.,0.));
#1743=DIRECTION('ref_axis',(0.,1.,0.));
#1744=DIRECTION('center_axis',(-1.,0.,0.));
#1745=DIRECTION('ref_axis',(0.,1.,0.));
#1746=DIRECTION('center_axis',(-1.,0.,0.));
#1747=DIRECTION('ref_axis',(0.,1.,0.));
#1748=DIRECTION('center_axis',(-1.,0.,0.));
#1749=DIRECTION('ref_axis',(0.,1.,0.));
#1750=DIRECTION('center_axis',(1.,0.,0.));
#1751=DIRECTION('ref_axis',(0.,-0.707106781186548,0.707106781186547));
#1752=DIRECTION('',(-1.,0.,0.));
#1753=DIRECTION('center_axis',(1.,0.,0.));
#1754=DIRECTION('ref_axis',(0.,-0.707106781186548,0.707106781186547));
#1755=DIRECTION('',(1.,0.,0.));
#1756=DIRECTION('center_axis',(1.,0.,0.));
#1757=DIRECTION('ref_axis',(0.,-0.707106781186548,0.707106781186547));
#1758=DIRECTION('',(-1.,0.,0.));
#1759=DIRECTION('center_axis',(1.,6.99353086378051E-16,0.));
#1760=DIRECTION('ref_axis',(0.,-0.707106781186548,0.707106781186547));
#1761=DIRECTION('',(1.,0.,0.));
#1762=DIRECTION('center_axis',(0.,-1.,0.));
#1763=DIRECTION('ref_axis',(1.,0.,0.));
#1764=DIRECTION('',(0.,0.,1.));
#1765=DIRECTION('',(-1.,0.,0.));
#1766=DIRECTION('center_axis',(1.,0.,0.));
#1767=DIRECTION('ref_axis',(0.,-0.707106781186548,-0.707106781186547));
#1768=DIRECTION('center_axis',(-0.707106781186548,-0.707106781186548,0.));
#1769=DIRECTION('ref_axis',(0.707106781186548,-0.707106781186547,0.));
#1770=DIRECTION('',(1.,0.,0.));
#1771=DIRECTION('center_axis',(0.707106781186548,-0.707106781186548,0.));
#1772=DIRECTION('ref_axis',(-0.707106781186548,-0.707106781186547,0.));
#1773=DIRECTION('',(-1.,0.,0.));
#1774=DIRECTION('center_axis',(0.,1.,0.));
#1775=DIRECTION('ref_axis',(-1.,0.,0.));
#1776=DIRECTION('',(0.,0.,1.));
#1777=DIRECTION('center_axis',(-6.99353086378051E-16,1.,0.));
#1778=DIRECTION('ref_axis',(0.707106781186547,0.,-0.707106781186548));
#1779=DIRECTION('',(6.99353086378051E-16,-1.,0.));
#1780=DIRECTION('center_axis',(0.707106781186549,-0.707106781186546,-3.09073318638538E-16));
#1781=DIRECTION('ref_axis',(-0.707106781186546,-0.707106781186549,3.09073318638537E-16));
#1782=DIRECTION('',(-6.99353086378051E-16,1.,0.));
#1783=DIRECTION('center_axis',(0.707106781186549,0.707106781186546,0.));
#1784=DIRECTION('ref_axis',(0.707106781186546,-0.707106781186549,0.));
#1785=DIRECTION('center_axis',(0.,-1.,0.));
#1786=DIRECTION('ref_axis',(-0.707106781186547,0.,-0.707106781186548));
#1787=DIRECTION('center_axis',(-0.707106781186548,-0.707106781186548,0.));
#1788=DIRECTION('ref_axis',(-0.707106781186548,0.707106781186548,0.));
#1789=DIRECTION('',(0.,1.,0.));
#1790=DIRECTION('center_axis',(0.707106781186548,-0.707106781186548,0.));
#1791=DIRECTION('ref_axis',(-0.707106781186548,-0.707106781186548,0.));
#1792=DIRECTION('center_axis',(-1.,0.,0.));
#1793=DIRECTION('ref_axis',(0.,0.707106781186547,-0.707106781186547));
#1794=DIRECTION('',(1.,0.,0.));
#1795=DIRECTION('center_axis',(1.,0.,0.));
#1796=DIRECTION('ref_axis',(0.,-0.707106781186548,-0.707106781186547));
#1797=DIRECTION('',(-1.,0.,0.));
#1798=DIRECTION('',(1.,0.,0.));
#1799=DIRECTION('center_axis',(0.,0.,1.));
#1800=DIRECTION('ref_axis',(1.,0.,0.));
#1801=DIRECTION('',(0.,-1.,0.));
#1802=DIRECTION('',(1.,0.,0.));
#1803=DIRECTION('',(0.,1.,0.));
#1804=DIRECTION('',(-1.,0.,0.));
#1805=DIRECTION('',(0.,1.,0.));
#1806=DIRECTION('',(1.,0.,0.));
#1807=DIRECTION('',(0.,-1.,0.));
#1808=DIRECTION('center_axis',(0.,0.,-1.));
#1809=DIRECTION('ref_axis',(-1.,0.,0.));
#1810=DIRECTION('center_axis',(0.,0.,-1.));
#1811=DIRECTION('ref_axis',(-1.,0.,0.));
#1812=DIRECTION('center_axis',(0.,0.,-1.));
#1813=DIRECTION('ref_axis',(-1.,0.,0.));
#1814=DIRECTION('center_axis',(0.,0.,-1.));
#1815=DIRECTION('ref_axis',(-1.,0.,0.));
#1816=DIRECTION('center_axis',(0.,-1.,0.));
#1817=DIRECTION('ref_axis',(-0.707106781186548,0.,-0.707106781186547));
#1818=DIRECTION('center_axis',(-0.707106781186548,-0.707106781186548,0.));
#1819=DIRECTION('ref_axis',(-0.707106781186547,0.707106781186548,0.));
#1820=DIRECTION('center_axis',(-1.,0.,0.));
#1821=DIRECTION('ref_axis',(0.,0.707106781186547,-0.707106781186547));
#1822=DIRECTION('',(-1.,0.,0.));
#1823=DIRECTION('center_axis',(-0.707106781186548,0.707106781186548,0.));
#1824=DIRECTION('ref_axis',(0.707106781186547,0.707106781186547,0.));
#1825=DIRECTION('center_axis',(0.,-1.,0.));
#1826=DIRECTION('ref_axis',(1.,0.,0.));
#1827=DIRECTION('',(0.,0.,1.));
#1828=DIRECTION('center_axis',(0.,1.,0.));
#1829=DIRECTION('ref_axis',(0.707106781186547,0.,-0.707106781186548));
#1830=DIRECTION('',(0.,1.,0.));
#1831=DIRECTION('center_axis',(-1.,0.,0.));
#1832=DIRECTION('ref_axis',(0.,-1.,0.));
#1833=DIRECTION('center_axis',(1.,0.,0.));
#1834=DIRECTION('ref_axis',(0.,1.,0.));
#1835=DIRECTION('center_axis',(1.,0.,0.));
#1836=DIRECTION('ref_axis',(0.,1.,0.));
#1837=DIRECTION('center_axis',(1.,0.,0.));
#1838=DIRECTION('ref_axis',(0.,1.,0.));
#1839=DIRECTION('center_axis',(1.,0.,0.));
#1840=DIRECTION('ref_axis',(0.,1.,0.));
#1841=DIRECTION('center_axis',(1.,0.,0.));
#1842=DIRECTION('ref_axis',(0.,1.,0.));
#1843=DIRECTION('center_axis',(0.,0.,-1.));
#1844=DIRECTION('ref_axis',(-1.,0.,0.));
#1845=DIRECTION('',(0.,0.,-1.));
#1846=DIRECTION('center_axis',(0.,0.,1.));
#1847=DIRECTION('ref_axis',(-1.,0.,0.));
#1848=DIRECTION('center_axis',(0.,0.,-1.));
#1849=DIRECTION('ref_axis',(-1.,0.,0.));
#1850=DIRECTION('',(0.,0.,-1.));
#1851=DIRECTION('center_axis',(0.,0.,1.));
#1852=DIRECTION('ref_axis',(-1.,0.,0.));
#1853=DIRECTION('center_axis',(0.,0.,-1.));
#1854=DIRECTION('ref_axis',(-1.,0.,0.));
#1855=DIRECTION('',(0.,0.,-1.));
#1856=DIRECTION('center_axis',(0.,0.,1.));
#1857=DIRECTION('ref_axis',(-1.,0.,0.));
#1858=DIRECTION('center_axis',(0.,0.,-1.));
#1859=DIRECTION('ref_axis',(-1.,0.,0.));
#1860=DIRECTION('',(0.,0.,-1.));
#1861=DIRECTION('center_axis',(0.,0.,1.));
#1862=DIRECTION('ref_axis',(-1.,0.,0.));
#1863=DIRECTION('center_axis',(-1.,0.,0.));
#1864=DIRECTION('ref_axis',(0.,1.,0.));
#1865=DIRECTION('',(-1.,0.,0.));
#1866=DIRECTION('center_axis',(-1.,0.,0.));
#1867=DIRECTION('ref_axis',(0.,1.,0.));
#1868=DIRECTION('',(-1.,0.,0.));
#1869=DIRECTION('center_axis',(1.,6.99353086378051E-16,0.));
#1870=DIRECTION('ref_axis',(0.,1.,0.));
#1871=DIRECTION('center_axis',(-1.,0.,0.));
#1872=DIRECTION('ref_axis',(0.,1.,0.));
#1873=DIRECTION('',(-1.,0.,0.));
#1874=DIRECTION('center_axis',(-1.,0.,0.));
#1875=DIRECTION('ref_axis',(0.,1.,0.));
#1876=DIRECTION('',(-1.,0.,0.));
#1877=DIRECTION('center_axis',(1.,6.99353086378051E-16,0.));
#1878=DIRECTION('ref_axis',(0.,1.,0.));
#1879=DIRECTION('center_axis',(-1.,0.,0.));
#1880=DIRECTION('ref_axis',(0.,1.,0.));
#1881=DIRECTION('',(-1.,0.,0.));
#1882=DIRECTION('center_axis',(-1.,0.,0.));
#1883=DIRECTION('ref_axis',(0.,1.,0.));
#1884=DIRECTION('',(-1.,0.,0.));
#1885=DIRECTION('center_axis',(1.,6.99353086378051E-16,0.));
#1886=DIRECTION('ref_axis',(0.,1.,0.));
#1887=DIRECTION('center_axis',(-1.,0.,0.));
#1888=DIRECTION('ref_axis',(0.,1.,0.));
#1889=DIRECTION('',(-1.,0.,0.));
#1890=DIRECTION('center_axis',(-1.,0.,0.));
#1891=DIRECTION('ref_axis',(0.,1.,0.));
#1892=DIRECTION('',(-1.,0.,0.));
#1893=DIRECTION('center_axis',(1.,6.99353086378051E-16,0.));
#1894=DIRECTION('ref_axis',(0.,1.,0.));
#1895=DIRECTION('center_axis',(-1.,0.,0.));
#1896=DIRECTION('ref_axis',(0.,1.,0.));
#1897=DIRECTION('',(-1.,0.,0.));
#1898=DIRECTION('center_axis',(-1.,0.,0.));
#1899=DIRECTION('ref_axis',(0.,1.,0.));
#1900=DIRECTION('',(-1.,0.,0.));
#1901=DIRECTION('center_axis',(1.,6.99353086378051E-16,0.));
#1902=DIRECTION('ref_axis',(0.,1.,0.));
#1903=DIRECTION('center_axis',(-1.,-6.99353086378051E-16,0.));
#1904=DIRECTION('ref_axis',(6.99353086378051E-16,-1.,0.));
#1905=DIRECTION('',(0.,0.,1.));
#1906=DIRECTION('center_axis',(0.,1.,0.));
#1907=DIRECTION('ref_axis',(-1.,0.,0.));
#1908=DIRECTION('center_axis',(0.,1.,0.));
#1909=DIRECTION('ref_axis',(-1.,0.,0.));
#1910=DIRECTION('',(-1.,0.,0.));
#1911=DIRECTION('',(0.,0.,1.));
#1912=DIRECTION('',(0.,0.,1.));
#1913=DIRECTION('center_axis',(1.,0.,0.));
#1914=DIRECTION('ref_axis',(0.,1.,0.));
#1915=DIRECTION('',(0.,1.,0.));
#1916=DIRECTION('',(0.,0.,1.));
#1917=DIRECTION('center_axis',(0.,-1.,0.));
#1918=DIRECTION('ref_axis',(1.,0.,0.));
#1919=DIRECTION('',(1.,0.,0.));
#1920=DIRECTION('',(0.,0.,1.));
#1921=DIRECTION('center_axis',(-1.,0.,0.));
#1922=DIRECTION('ref_axis',(0.,-1.,0.));
#1923=DIRECTION('',(0.,-1.,0.));
#1924=DIRECTION('center_axis',(0.,0.,1.));
#1925=DIRECTION('ref_axis',(1.,0.,0.));
#1926=DIRECTION('',(-0.999999999999993,3.25705823297204E-16,4.20083199693644E-18));
#1927=DIRECTION('',(-3.25715569044675E-16,-0.999728905483989,-0.0232833747507452));
#1928=DIRECTION('',(0.,0.,1.));
#1929=DIRECTION('',(1.,0.,0.));
#1930=CARTESIAN_POINT('',(0.,0.,0.));
#1931=CARTESIAN_POINT('',(0.,0.,0.));
#1932=CARTESIAN_POINT('Origin',(0.600000009574289,1.48193673054156,2.00000005585));
#1933=CARTESIAN_POINT('',(0.657326989679379,1.4000000638286,-1.50000005585));
#1934=CARTESIAN_POINT('',(0.700000009574289,1.48193673054156,-1.50000005585));
#1935=CARTESIAN_POINT('Origin',(0.600000009574289,1.48193673054156,-1.50000005585));
#1936=CARTESIAN_POINT('',(0.700000009574289,1.48193673054156,2.00000005585));
#1937=CARTESIAN_POINT('',(0.700000009574289,1.48193673054156,2.00000005585));
#1938=CARTESIAN_POINT('',(0.657326989679379,1.4000000638286,2.00000005585));
#1939=CARTESIAN_POINT('Origin',(0.600000009574289,1.48193673054156,2.00000005585));
#1940=CARTESIAN_POINT('',(0.657326989680735,1.40000006382898,0.460494231314368));
#1941=CARTESIAN_POINT('',(0.657326989679379,1.4000000638286,2.00000005585));
#1942=CARTESIAN_POINT('',(0.64830841092519,1.3943793301344,0.424903562385719));
#1943=CARTESIAN_POINT('Ctrl Pts',(0.657326989679379,1.4000000638286,0.460494231315686));
#1944=CARTESIAN_POINT('Ctrl Pts',(0.657326989679379,1.4000000638286,0.45308655308264));
#1945=CARTESIAN_POINT('Ctrl Pts',(0.656626142123483,1.39949817173798,0.446346870179608));
#1946=CARTESIAN_POINT('Ctrl Pts',(0.65431732296533,1.39796682101252,0.436417514379371));
#1947=CARTESIAN_POINT('Ctrl Pts',(0.65293558992462,1.39706476099092,0.43233482853689));
#1948=CARTESIAN_POINT('Ctrl Pts',(0.650158972680086,1.3954215134545,0.42740090961215));
#1949=CARTESIAN_POINT('Ctrl Pts',(0.649289629079986,1.39492070166412,0.426098911744579));
#1950=CARTESIAN_POINT('Ctrl Pts',(0.648308410745914,1.39437933007625,0.424903562455269));
#1951=CARTESIAN_POINT('',(0.627272736847017,1.38572759195739,0.4));
#1952=CARTESIAN_POINT('Ctrl Pts',(0.648308410791327,1.39437933010131,0.424903562510591));
#1953=CARTESIAN_POINT('Ctrl Pts',(0.641644161011883,1.39070243642314,0.416784975686431));
#1954=CARTESIAN_POINT('Ctrl Pts',(0.634655117321663,1.38783857485865,0.408488613420756));
#1955=CARTESIAN_POINT('Ctrl Pts',(0.627421838911094,1.38576995206639,0.400171361787111));
#1956=CARTESIAN_POINT('Ctrl Pts',(0.627347300139633,1.38574872866409,0.40008568086441));
#1957=CARTESIAN_POINT('Ctrl Pts',(0.627272736847017,1.38572759195739,0.4));
#1958=CARTESIAN_POINT('',(0.627272736847017,1.38572759195739,0.1));
#1959=CARTESIAN_POINT('',(0.627272736847017,1.38572759195739,2.00000005585));
#1960=CARTESIAN_POINT('',(0.64830841149592,1.39437933031953,0.075096437835699));
#1961=CARTESIAN_POINT('Ctrl Pts',(0.627272736847017,1.38572759195739,0.1));
#1962=CARTESIAN_POINT('Ctrl Pts',(0.627347298614327,1.38574872823171,0.0999143208883233));
#1963=CARTESIAN_POINT('Ctrl Pts',(0.627421835861502,1.38576995119808,0.0998286417183851));
#1964=CARTESIAN_POINT('Ctrl Pts',(0.634655086674793,1.38783856572571,0.0915114219284723));
#1965=CARTESIAN_POINT('Ctrl Pts',(0.641644136343014,1.39070242279813,0.083215054369075));
#1966=CARTESIAN_POINT('Ctrl Pts',(0.648308410935897,1.39437933018107,0.0750964373132892));
#1967=CARTESIAN_POINT('',(0.657326989741682,1.40000006384611,0.0395057687448979));
#1968=CARTESIAN_POINT('Ctrl Pts',(0.648308410745915,1.39437933007625,0.0750964375447312));
#1969=CARTESIAN_POINT('Ctrl Pts',(0.649938954969575,1.39527895688182,0.0731100601899035));
#1970=CARTESIAN_POINT('Ctrl Pts',(0.651262176326419,1.39606591561943,0.0708281833679197));
#1971=CARTESIAN_POINT('Ctrl Pts',(0.653470036150379,1.39742218567241,0.0658980371654854));
#1972=CARTESIAN_POINT('Ctrl Pts',(0.654347536311935,1.39799022783034,0.0632049315875224));
#1973=CARTESIAN_POINT('Ctrl Pts',(0.656544094000016,1.39943792573527,0.0544317920729887));
#1974=CARTESIAN_POINT('Ctrl Pts',(0.657326989679379,1.4000000638286,0.0473377846795856));
#1975=CARTESIAN_POINT('Ctrl Pts',(0.657326989679379,1.4000000638286,0.0395057686843137));
#1976=CARTESIAN_POINT('',(0.657326989679379,1.4000000638286,2.00000005585));
#1977=CARTESIAN_POINT('Origin',(0.300000009574289,2.0000000638286,2.00000005585));
#1978=CARTESIAN_POINT('',(0.700000009574289,2.0000000638286,2.00000005585));
#1979=CARTESIAN_POINT('',(0.700000009574289,2.0000000638286,2.00000005585));
#1980=CARTESIAN_POINT('',(0.300000009574289,2.0000000638286,2.00000005585));
#1981=CARTESIAN_POINT('',(0.300000009574289,2.0000000638286,2.00000005585));
#1982=CARTESIAN_POINT('',(0.300000009574289,1.4000000638286,2.00000005585));
#1983=CARTESIAN_POINT('',(0.300000009574289,2.0000000638286,2.00000005585));
#1984=CARTESIAN_POINT('',(0.300000009574289,1.4000000638286,2.00000005585));
#1985=CARTESIAN_POINT('Origin',(0.700000009574289,1.7000000638286,0.25));
#1986=CARTESIAN_POINT('',(0.700000009574289,2.0000000638286,-1.50000005585));
#1987=CARTESIAN_POINT('',(0.700000009574289,1.4000000638286,-1.50000005585));
#1988=CARTESIAN_POINT('',(0.700000009574289,2.0000000638286,-1.50000005585));
#1989=CARTESIAN_POINT('',(0.700000009574289,1.6215000638286,1.7265));
#1990=CARTESIAN_POINT('Origin',(0.700000009574289,1.7000000638286,1.7265));
#1991=CARTESIAN_POINT('',(0.700000009574289,1.6215000638286,-1.2265));
#1992=CARTESIAN_POINT('Origin',(0.700000009574289,1.7000000638286,-1.2265));
#1993=CARTESIAN_POINT('Origin',(0.300000009574289,1.4000000638286,-1.50000005585));
#1994=CARTESIAN_POINT('',(0.300000009574289,1.4000000638286,-1.50000005585));
#1995=CARTESIAN_POINT('',(0.300000009574289,1.4000000638286,-1.50000005585));
#1996=CARTESIAN_POINT('',(0.300000009574289,2.0000000638286,-1.50000005585));
#1997=CARTESIAN_POINT('',(0.300000009574289,1.4000000638286,-1.50000005585));
#1998=CARTESIAN_POINT('',(0.300000009574289,2.0000000638286,-1.50000005585));
#1999=CARTESIAN_POINT('Origin',(0.300000009574289,1.4000000638286,2.00000005585));
#2000=CARTESIAN_POINT('',(0.323452568953681,1.4000000638286,-0.1));
#2001=CARTESIAN_POINT('Ctrl Pts',(0.323452568953681,1.4000000638286,-0.0999999999999998));
#2002=CARTESIAN_POINT('Ctrl Pts',(0.396818507057015,1.4000000638286,-0.0999999999999999));
#2003=CARTESIAN_POINT('Ctrl Pts',(0.504185969077236,1.4000000638286,-0.0641925201199562));
#2004=CARTESIAN_POINT('Ctrl Pts',(0.607819545326173,1.4000000638286,0.00150577176702605));
#2005=CARTESIAN_POINT('Ctrl Pts',(0.64738839480259,1.4000000638286,0.0313935131870095));
#2006=CARTESIAN_POINT('Ctrl Pts',(0.657337371756698,1.4000000638286,0.0394929797710031));
#2007=CARTESIAN_POINT('',(0.300000009574289,1.4000000638286,-0.1));
#2008=CARTESIAN_POINT('',(-0.274999992819283,1.4000000638286,-0.1));
#2009=CARTESIAN_POINT('',(0.300000009574289,1.4000000638286,2.00000005585));
#2010=CARTESIAN_POINT('Ctrl Pts',(0.670042409616428,1.4000000638286,0.0501928756378425));
#2011=CARTESIAN_POINT('Ctrl Pts',(0.656202018310359,1.4000000638286,0.0381139996881368));
#2012=CARTESIAN_POINT('Ctrl Pts',(0.612483545135483,1.4000000638286,0.00446250482520816));
#2013=CARTESIAN_POINT('Ctrl Pts',(0.504185969077236,1.4000000638286,-0.0641925201199562));
#2014=CARTESIAN_POINT('Ctrl Pts',(0.396818507057015,1.4000000638286,-0.0999999999999999));
#2015=CARTESIAN_POINT('Ctrl Pts',(0.323452568953681,1.4000000638286,-0.0999999999999998));
#2016=CARTESIAN_POINT('Ctrl Pts',(0.665823250988946,1.4000000638286,0.0550273326378045));
#2017=CARTESIAN_POINT('Ctrl Pts',(0.65132319018138,1.40000067753597,0.0441595857190278));
#2018=CARTESIAN_POINT('Ctrl Pts',(0.60570821202443,1.39994668067951,0.0140387375457105));
#2019=CARTESIAN_POINT('Ctrl Pts',(0.494505048367017,1.3999886134202,-0.0463074617618752));
#2020=CARTESIAN_POINT('Ctrl Pts',(0.39018770626366,1.39985777372754,-0.0735770582848783));
#2021=CARTESIAN_POINT('Ctrl Pts',(0.323452568953681,1.4000000638286,-0.0700800699658113));
#2022=CARTESIAN_POINT('Ctrl Pts',(0.658439890238306,1.39891564540768,0.0634874412081897));
#2023=CARTESIAN_POINT('Ctrl Pts',(0.642785700053744,1.39845896964425,0.054738803541101));
#2024=CARTESIAN_POINT('Ctrl Pts',(0.593862487249258,1.39669502470034,0.0308584700991413));
#2025=CARTESIAN_POINT('Ctrl Pts',(0.477563304272047,1.39000942516223,-0.0149820429676237));
#2026=CARTESIAN_POINT('Ctrl Pts',(0.378798670894131,1.38099318257407,-0.027342676840181));
#2027=CARTESIAN_POINT('Ctrl Pts',(0.323452568953681,1.37487505538092,-0.0182797873153132));
#2028=CARTESIAN_POINT('Ctrl Pts',(0.65129491973983,1.39597003807795,0.0716743940323588));
#2029=CARTESIAN_POINT('Ctrl Pts',(0.634623364680857,1.39428872549501,0.0648624452177319));
#2030=CARTESIAN_POINT('Ctrl Pts',(0.583034812807281,1.38787023266736,0.0461176861255961));
#2031=CARTESIAN_POINT('Ctrl Pts',(0.465008474179919,1.36444695766672,0.00950228151276551));
#2032=CARTESIAN_POINT('Ctrl Pts',(0.374738168870201,1.33787703576348,-0.00406534547117519));
#2033=CARTESIAN_POINT('Ctrl Pts',(0.323452568953681,1.32244001135424,1.73542688331798E-16));
#2034=CARTESIAN_POINT('Ctrl Pts',(0.648308411520643,1.39437933018231,0.0750964378189213));
#2035=CARTESIAN_POINT('Ctrl Pts',(0.63124389704283,1.3920432598298,0.0690569998440685));
#2036=CARTESIAN_POINT('Ctrl Pts',(0.57868940446662,1.3831679758264,0.0522312524126041));
#2037=CARTESIAN_POINT('Ctrl Pts',(0.460993818585225,1.35131817412946,0.0179037399400221));
#2038=CARTESIAN_POINT('Ctrl Pts',(0.374755038845716,1.31795993276065,1.60275133543591E-16));
#2039=CARTESIAN_POINT('Ctrl Pts',(0.323452568953681,1.3000000638286,1.74838271594513E-16));
#2040=CARTESIAN_POINT('',(0.323452568953681,1.3000000638286,0.));
#2041=CARTESIAN_POINT('Ctrl Pts',(0.648308411520643,1.39437933018231,0.0750964378189213));
#2042=CARTESIAN_POINT('Ctrl Pts',(0.63124389704283,1.3920432598298,0.0690569998440685));
#2043=CARTESIAN_POINT('Ctrl Pts',(0.57868940446662,1.3831679758264,0.0522312524126041));
#2044=CARTESIAN_POINT('Ctrl Pts',(0.460993818585225,1.35131817412946,0.0179037399400221));
#2045=CARTESIAN_POINT('Ctrl Pts',(0.374755038845716,1.31795993276065,1.60275133543591E-16));
#2046=CARTESIAN_POINT('Ctrl Pts',(0.323452568953681,1.3000000638286,1.74838271594513E-16));
#2047=CARTESIAN_POINT('Origin',(0.323452568953681,1.3000000638286,-0.1));
#2048=CARTESIAN_POINT('Ctrl Pts',(0.648308410931099,1.3943793301016,0.424903562389729));
#2049=CARTESIAN_POINT('Ctrl Pts',(0.631252581025969,1.3920444486226,0.430939926722029));
#2050=CARTESIAN_POINT('Ctrl Pts',(0.57867984201247,1.38316662573379,0.447772068721899));
#2051=CARTESIAN_POINT('Ctrl Pts',(0.461013819117305,1.35132563950837,0.482091268535344));
#2052=CARTESIAN_POINT('Ctrl Pts',(0.374753786251724,1.31795949425498,0.5));
#2053=CARTESIAN_POINT('Ctrl Pts',(0.323452568953681,1.3000000638286,0.5));
#2054=CARTESIAN_POINT('Ctrl Pts',(0.652290421908118,1.39650027399262,0.429466287474066));
#2055=CARTESIAN_POINT('Ctrl Pts',(0.635758196181384,1.39503850582471,0.436532047888203));
#2056=CARTESIAN_POINT('Ctrl Pts',(0.584471873869629,1.38940169006774,0.455960911608177));
#2057=CARTESIAN_POINT('Ctrl Pts',(0.466366511052847,1.36882449810378,0.493315802224673));
#2058=CARTESIAN_POINT('Ctrl Pts',(0.374682411893567,1.3444406207454,0.505539688539392));
#2059=CARTESIAN_POINT('Ctrl Pts',(0.323452568953681,1.32991999386278,0.5));
#2060=CARTESIAN_POINT('Ctrl Pts',(0.65949447302197,1.3991883621118,0.437720936925237));
#2061=CARTESIAN_POINT('Ctrl Pts',(0.644012871564608,1.39884734886288,0.446767484971129));
#2062=CARTESIAN_POINT('Ctrl Pts',(0.595539288192112,1.39753289422152,0.471535862920673));
#2063=CARTESIAN_POINT('Ctrl Pts',(0.479992609176982,1.39258990459424,0.519426014806628));
#2064=CARTESIAN_POINT('Ctrl Pts',(0.380310277399717,1.38609054418444,0.533680091060112));
#2065=CARTESIAN_POINT('Ctrl Pts',(0.323452568953681,1.38171681763009,0.525130112287812));
#2066=CARTESIAN_POINT('Ctrl Pts',(0.666878040150568,1.4000000638286,0.446181281998106));
#2067=CARTESIAN_POINT('Ctrl Pts',(0.65255024553334,1.40000011245612,0.457346193032338));
#2068=CARTESIAN_POINT('Ctrl Pts',(0.607394518492784,1.39998697108636,0.488334989625559));
#2069=CARTESIAN_POINT('Ctrl Pts',(0.496939114892436,1.3999927341857,0.550751957175857));
#2070=CARTESIAN_POINT('Ctrl Pts',(0.391878836469209,1.3999542974232,0.580096567381894));
#2071=CARTESIAN_POINT('Ctrl Pts',(0.323452568953681,1.4000000638286,0.577560052474359));
#2072=CARTESIAN_POINT('Ctrl Pts',(0.670042409138271,1.4000000638286,0.449807124779458));
#2073=CARTESIAN_POINT('Ctrl Pts',(0.656209061557801,1.4000000638286,0.461879853444058));
#2074=CARTESIAN_POINT('Ctrl Pts',(0.612474770381919,1.4000000638286,0.495544137443797));
#2075=CARTESIAN_POINT('Ctrl Pts',(0.504199910401033,1.4000000638286,0.564182537070688));
#2076=CARTESIAN_POINT('Ctrl Pts',(0.396816715764457,1.4000000638286,0.6));
#2077=CARTESIAN_POINT('Ctrl Pts',(0.323452568953681,1.4000000638286,0.6));
#2078=CARTESIAN_POINT('',(0.323452568953681,1.4000000638286,0.6));
#2079=CARTESIAN_POINT('Ctrl Pts',(0.657337233332165,1.4000000638286,0.46050685613861));
#2080=CARTESIAN_POINT('Ctrl Pts',(0.647390068959578,1.4000000638286,0.468604558328803));
#2081=CARTESIAN_POINT('Ctrl Pts',(0.607810458050638,1.4000000638286,0.498500972796303));
#2082=CARTESIAN_POINT('Ctrl Pts',(0.504199910401033,1.4000000638286,0.564182537070688));
#2083=CARTESIAN_POINT('Ctrl Pts',(0.396816715764457,1.4000000638286,0.6));
#2084=CARTESIAN_POINT('Ctrl Pts',(0.323452568953681,1.4000000638286,0.6));
#2085=CARTESIAN_POINT('',(0.323452568953681,1.3000000638286,0.5));
#2086=CARTESIAN_POINT('Origin',(0.323452568953681,1.3000000638286,0.6));
#2087=CARTESIAN_POINT('Ctrl Pts',(0.323452568953681,1.3000000638286,0.5));
#2088=CARTESIAN_POINT('Ctrl Pts',(0.374753786251724,1.31795949425498,0.5));
#2089=CARTESIAN_POINT('Ctrl Pts',(0.461013819117305,1.35132563950837,0.482091268535344));
#2090=CARTESIAN_POINT('Ctrl Pts',(0.57867984201247,1.38316662573379,0.447772068721899));
#2091=CARTESIAN_POINT('Ctrl Pts',(0.631252581025969,1.3920444486226,0.430939926722029));
#2092=CARTESIAN_POINT('Ctrl Pts',(0.648308410931099,1.3943793301016,0.424903562389729));
#2093=CARTESIAN_POINT('Origin',(-0.274999992819283,1.3000000638286,0.6));
#2094=CARTESIAN_POINT('',(0.300000009574289,1.4000000638286,0.6));
#2095=CARTESIAN_POINT('',(0.200000009574289,1.3000000638286,0.5));
#2096=CARTESIAN_POINT('Origin',(0.200000009574289,1.3000000638286,0.6));
#2097=CARTESIAN_POINT('',(-0.274999992819283,1.3000000638286,0.5));
#2098=CARTESIAN_POINT('',(-0.274999992819283,1.4000000638286,0.6));
#2099=CARTESIAN_POINT('Origin',(0.300000009574289,1.4000000638286,2.00000005585));
#2100=CARTESIAN_POINT('',(0.300000009574289,1.4000000638286,2.00000005585));
#2101=CARTESIAN_POINT('Origin',(0.750000009574289,0.952786468328638,0.4));
#2102=CARTESIAN_POINT('',(0.200000009574289,0.952786468328638,0.5));
#2103=CARTESIAN_POINT('Origin',(0.750000009574289,0.952786468328638,0.5));
#2104=CARTESIAN_POINT('',(0.300000009574289,0.952786468328638,0.4));
#2105=CARTESIAN_POINT('Origin',(0.200000009574289,0.952786468328638,0.4));
#2106=CARTESIAN_POINT('Origin',(0.750000009574289,0.952786468328638,0.4));
#2107=CARTESIAN_POINT('Origin',(0.200000009574289,0.462500015957149,0.4));
#2108=CARTESIAN_POINT('',(0.200000009574289,-3.06161738870578E-18,0.5));
#2109=CARTESIAN_POINT('',(0.300000009574289,-9.18485099360515E-18,0.4));
#2110=CARTESIAN_POINT('Origin',(0.200000009574289,0.,0.4));
#2111=CARTESIAN_POINT('',(0.300000009574289,0.462500015957149,0.4));
#2112=CARTESIAN_POINT('',(0.200000009574289,0.462500015957149,0.5));
#2113=CARTESIAN_POINT('Origin',(0.750000009574289,0.952786468328638,2.00000005585));
#2114=CARTESIAN_POINT('',(0.300000009574289,0.952786468328638,0.1));
#2115=CARTESIAN_POINT('',(0.300000009574289,0.952786468328638,2.00000005585));
#2116=CARTESIAN_POINT('Origin',(0.750000009574289,0.952786468328638,0.1));
#2117=CARTESIAN_POINT('Origin',(0.300000009574289,-9.18485099360515E-18,
0.));
#2118=CARTESIAN_POINT('',(0.300000009574289,-9.18485099360515E-18,0.1));
#2119=CARTESIAN_POINT('',(0.300000009574289,-9.18485099360515E-18,0.));
#2120=CARTESIAN_POINT('',(0.300000009574289,0.462500015957149,0.1));
#2121=CARTESIAN_POINT('Origin',(0.15,0.,0.));
#2122=CARTESIAN_POINT('',(0.15,0.,0.5));
#2123=CARTESIAN_POINT('',(0.15,0.,0.5));
#2124=CARTESIAN_POINT('',(0.15,0.,0.));
#2125=CARTESIAN_POINT('',(0.15,0.,0.));
#2126=CARTESIAN_POINT('',(0.200000009574289,-3.06161738870578E-18,0.));
#2127=CARTESIAN_POINT('',(0.15,0.,0.));
#2128=CARTESIAN_POINT('Origin',(0.200000009574289,0.,0.1));
#2129=CARTESIAN_POINT('Origin',(-0.274999992819283,1.3000000638286,-0.1));
#2130=CARTESIAN_POINT('',(0.200000009574289,1.3000000638286,0.));
#2131=CARTESIAN_POINT('',(-0.274999992819283,1.3000000638286,0.));
#2132=CARTESIAN_POINT('Origin',(0.200000009574289,1.3000000638286,-0.1));
#2133=CARTESIAN_POINT('Origin',(0.750000009574289,0.952786468328638,0.1));
#2134=CARTESIAN_POINT('',(0.200000009574289,0.952786468328638,0.));
#2135=CARTESIAN_POINT('Origin',(0.200000009574289,0.952786468328638,0.1));
#2136=CARTESIAN_POINT('Origin',(0.750000009574289,0.952786468328638,0.));
#2137=CARTESIAN_POINT('Origin',(0.200000009574289,0.462500015957149,0.1));
#2138=CARTESIAN_POINT('',(0.200000009574289,0.462500015957149,0.));
#2139=CARTESIAN_POINT('Origin',(0.200000009574289,1.31250004787145,-0.1));
#2140=CARTESIAN_POINT('',(0.300000009574289,2.0000000638286,-0.1));
#2141=CARTESIAN_POINT('',(0.200000009574289,2.00000004247215,0.));
#2142=CARTESIAN_POINT('Origin',(0.200000009574289,2.00000004247215,-0.1));
#2143=CARTESIAN_POINT('',(0.300000009574289,1.31250004787145,-0.1));
#2144=CARTESIAN_POINT('',(0.200000009574289,1.31250004787145,0.));
#2145=CARTESIAN_POINT('Origin',(-0.849999995212855,0.925000031914298,0.));
#2146=CARTESIAN_POINT('',(-0.15,-9.18485099360515E-18,0.));
#2147=CARTESIAN_POINT('Origin',(0.,0.,0.));
#2148=CARTESIAN_POINT('',(-2.,-9.18485099360515E-18,0.));
#2149=CARTESIAN_POINT('',(-2.,-9.18485099360515E-18,0.));
#2150=CARTESIAN_POINT('',(3.06074933872978E-5,1.9999999997658,0.));
#2151=CARTESIAN_POINT('Origin',(0.,0.,0.));
#2152=CARTESIAN_POINT('',(0.30000000957429,2.0000000638286,0.));
#2153=CARTESIAN_POINT('',(-0.059,-7.22541611496938E-18,0.));
#2154=CARTESIAN_POINT('Origin',(0.,0.,0.));
#2155=CARTESIAN_POINT('',(0.15,1.04832294642443,0.));
#2156=CARTESIAN_POINT('',(0.15,0.928967706650775,0.));
#2157=CARTESIAN_POINT('',(0.15,0.,0.));
#2158=CARTESIAN_POINT('',(-1.0515968809387,0.125,0.));
#2159=CARTESIAN_POINT('Origin',(0.,0.,0.));
#2160=CARTESIAN_POINT('',(-0.932660710011953,0.125,0.));
#2161=CARTESIAN_POINT('',(-0.082915619758885,0.125,0.));
#2162=CARTESIAN_POINT('Origin',(0.,0.,0.));
#2163=CARTESIAN_POINT('Origin',(0.200000009574289,1.31250004787145,0.6));
#2164=CARTESIAN_POINT('',(0.300000009574289,2.0000000638286,0.6));
#2165=CARTESIAN_POINT('',(0.200000009574289,2.00000004247215,0.5));
#2166=CARTESIAN_POINT('Origin',(0.200000009574289,2.00000004247215,0.6));
#2167=CARTESIAN_POINT('',(0.200000009574289,1.31250004787145,0.5));
#2168=CARTESIAN_POINT('',(0.300000009574289,1.31250004787145,0.6));
#2169=CARTESIAN_POINT('Origin',(0.300000009574289,1.7000000638286,0.25));
#2170=CARTESIAN_POINT('',(0.300000009574289,2.0000000638286,-1.50000005585));
#2171=CARTESIAN_POINT('',(0.300000009574289,1.6215000638286,1.7265));
#2172=CARTESIAN_POINT('Origin',(0.300000009574289,1.7000000638286,1.7265));
#2173=CARTESIAN_POINT('Origin',(0.300000009574289,1.7000000638286,0.25));
#2174=CARTESIAN_POINT('',(0.300000009574289,2.0000000638286,-1.50000005585));
#2175=CARTESIAN_POINT('',(0.300000009574289,1.6215000638286,-1.2265));
#2176=CARTESIAN_POINT('Origin',(0.300000009574289,1.7000000638286,-1.2265));
#2177=CARTESIAN_POINT('Origin',(0.300000009574289,1.7000000638286,1.7265));
#2178=CARTESIAN_POINT('',(0.300000009574289,1.6215000638286,1.7265));
#2179=CARTESIAN_POINT('Origin',(0.300000009574289,1.7000000638286,-1.2265));
#2180=CARTESIAN_POINT('',(0.300000009574289,1.6215000638286,-1.2265));
#2181=CARTESIAN_POINT('Origin',(0.300000009574289,2.0000000638286,-1.50000005585));
#2182=CARTESIAN_POINT('',(0.300000009574289,2.0000000638286,-1.50000005585));
#2183=CARTESIAN_POINT('Origin',(0.,0.,0.));
#2184=CARTESIAN_POINT('',(-0.059,0.,0.5));
#2185=CARTESIAN_POINT('Origin',(0.,0.,0.5));
#2186=CARTESIAN_POINT('',(-0.059,-7.22541611496938E-18,0.));
#2187=CARTESIAN_POINT('Origin',(0.,0.,0.));
#2188=CARTESIAN_POINT('',(0.15,1.04832294642443,0.5));
#2189=CARTESIAN_POINT('',(0.15,1.04832294642443,0.));
#2190=CARTESIAN_POINT('',(-1.0515968809387,0.125,0.5));
#2191=CARTESIAN_POINT('Origin',(0.,0.,0.5));
#2192=CARTESIAN_POINT('',(-1.0515968809387,0.125,0.));
#2193=CARTESIAN_POINT('Origin',(-0.932660710011953,0.125,0.));
#2194=CARTESIAN_POINT('',(-0.932660710011953,0.125,0.5));
#2195=CARTESIAN_POINT('',(-0.082915619758885,0.125,0.5));
#2196=CARTESIAN_POINT('',(-0.932660710011953,0.125,0.));
#2197=CARTESIAN_POINT('Origin',(0.,0.,0.));
#2198=CARTESIAN_POINT('',(0.15,0.928967706650775,0.5));
#2199=CARTESIAN_POINT('Origin',(0.,0.,0.5));
#2200=CARTESIAN_POINT('',(0.15,0.928967706650775,0.));
#2201=CARTESIAN_POINT('Origin',(0.15,1.04832294642443,0.));
#2202=CARTESIAN_POINT('',(0.15,0.,0.5));
#2203=CARTESIAN_POINT('Origin',(0.,0.,0.));
#2204=CARTESIAN_POINT('',(-0.15,0.,0.5));
#2205=CARTESIAN_POINT('Origin',(0.,0.,0.5));
#2206=CARTESIAN_POINT('',(-0.15,-9.18485099360515E-18,0.));
#2207=CARTESIAN_POINT('Origin',(-2.,-9.18485099360515E-18,0.));
#2208=CARTESIAN_POINT('',(-2.,0.,0.5));
#2209=CARTESIAN_POINT('',(-2.,-9.18485099360515E-18,0.5));
#2210=CARTESIAN_POINT('',(-2.,-9.18485099360515E-18,0.));
#2211=CARTESIAN_POINT('Origin',(0.,0.,0.));
#2212=CARTESIAN_POINT('',(3.06074933872978E-5,1.9999999997658,0.5));
#2213=CARTESIAN_POINT('Origin',(0.,0.,0.5));
#2214=CARTESIAN_POINT('',(3.06074933872978E-5,1.9999999997658,0.));
#2215=CARTESIAN_POINT('Origin',(0.30000000957429,2.0000000638286,0.));
#2216=CARTESIAN_POINT('',(0.30000000957429,2.0000000638286,0.5));
#2217=CARTESIAN_POINT('Origin',(-0.849999995212855,0.925000031914298,0.5));
#2218=CARTESIAN_POINT('',(0.,0.,0.));
#2219=CARTESIAN_POINT('Origin',(2.76,0.499999999999999,0.3));
#2220=CARTESIAN_POINT('',(2.76,0.5,5.));
#2221=CARTESIAN_POINT('',(2.76,1.5,5.));
#2222=CARTESIAN_POINT('Origin',(2.76,1.,5.));
#2223=CARTESIAN_POINT('',(2.76,0.5,0.5));
#2224=CARTESIAN_POINT('',(2.76,0.5,0.3));
#2225=CARTESIAN_POINT('',(2.76,1.5,0.5));
#2226=CARTESIAN_POINT('',(2.76,0.75,0.5));
#2227=CARTESIAN_POINT('',(2.76,1.5,0.3));
#2228=CARTESIAN_POINT('',(2.76,0.941,3.17315478507298));
#2229=CARTESIAN_POINT('Origin',(2.76,1.,3.17315478507298));
#2230=CARTESIAN_POINT('',(2.76,0.941,4.17315478507298));
#2231=CARTESIAN_POINT('Origin',(2.76,1.,4.17315478507298));
#2232=CARTESIAN_POINT('',(2.76,0.941,2.17315478507298));
#2233=CARTESIAN_POINT('Origin',(2.76,1.,2.17315478507298));
#2234=CARTESIAN_POINT('',(2.76,0.940945,5.17315478507298));
#2235=CARTESIAN_POINT('Origin',(2.76,1.,5.17315478507298));
#2236=CARTESIAN_POINT('',(2.76,0.941,1.17315478507298));
#2237=CARTESIAN_POINT('Origin',(2.76,1.,1.17315478507298));
#2238=CARTESIAN_POINT('Origin',(2.,0.5,0.3));
#2239=CARTESIAN_POINT('',(2.,0.5,5.));
#2240=CARTESIAN_POINT('',(2.,1.5,5.));
#2241=CARTESIAN_POINT('Origin',(2.,1.,5.));
#2242=CARTESIAN_POINT('',(2.,0.5,0.5));
#2243=CARTESIAN_POINT('',(2.,0.5,0.3));
#2244=CARTESIAN_POINT('',(2.,1.5,0.5));
#2245=CARTESIAN_POINT('',(2.,0.75,0.5));
#2246=CARTESIAN_POINT('',(2.,1.5,0.3));
#2247=CARTESIAN_POINT('',(2.,0.941,3.17315478507298));
#2248=CARTESIAN_POINT('Origin',(2.,1.,3.17315478507298));
#2249=CARTESIAN_POINT('',(2.,0.941,4.17315478507298));
#2250=CARTESIAN_POINT('Origin',(2.,1.,4.17315478507298));
#2251=CARTESIAN_POINT('',(2.,0.941,2.17315478507298));
#2252=CARTESIAN_POINT('Origin',(2.,1.,2.17315478507298));
#2253=CARTESIAN_POINT('',(2.,0.940945,5.17315478507298));
#2254=CARTESIAN_POINT('Origin',(2.,1.,5.17315478507298));
#2255=CARTESIAN_POINT('',(2.,0.941,1.17315478507298));
#2256=CARTESIAN_POINT('Origin',(2.,1.,1.17315478507298));
#2257=CARTESIAN_POINT('Origin',(1.805,1.,5.));
#2258=CARTESIAN_POINT('',(1.74,1.5,5.));
#2259=CARTESIAN_POINT('',(1.935,1.5,5.));
#2260=CARTESIAN_POINT('',(1.74,0.5,5.));
#2261=CARTESIAN_POINT('Origin',(1.74,1.,5.));
#2262=CARTESIAN_POINT('',(1.805,0.5,5.));
#2263=CARTESIAN_POINT('Origin',(2.565,1.,5.));
#2264=CARTESIAN_POINT('',(2.5,1.5,5.));
#2265=CARTESIAN_POINT('',(2.695,1.5,5.));
#2266=CARTESIAN_POINT('',(2.5,0.5,5.));
#2267=CARTESIAN_POINT('Origin',(2.5,1.,5.));
#2268=CARTESIAN_POINT('',(2.565,0.5,5.));
#2269=CARTESIAN_POINT('Origin',(2.5,0.5,0.3));
#2270=CARTESIAN_POINT('',(2.5,0.5,0.5));
#2271=CARTESIAN_POINT('',(2.5,0.5,0.3));
#2272=CARTESIAN_POINT('',(2.375,0.5,0.5));
#2273=CARTESIAN_POINT('Origin',(2.125,1.7,0.5));
#2274=CARTESIAN_POINT('',(1.54,1.7,0.3));
#2275=CARTESIAN_POINT('',(1.74,1.5,0.5));
#2276=CARTESIAN_POINT('Origin',(1.54,1.7,0.5));
#2277=CARTESIAN_POINT('',(2.125,1.5,0.5));
#2278=CARTESIAN_POINT('',(2.2,1.7,0.3));
#2279=CARTESIAN_POINT('Origin',(2.2,1.7,0.5));
#2280=CARTESIAN_POINT('',(2.125,1.7,0.3));
#2281=CARTESIAN_POINT('Origin',(2.,1.5,0.3));
#2282=CARTESIAN_POINT('',(1.74,1.5,0.3));
#2283=CARTESIAN_POINT('Origin',(2.3,1.25,0.5));
#2284=CARTESIAN_POINT('',(2.3,1.7,0.3));
#2285=CARTESIAN_POINT('',(2.3,0.3,0.3));
#2286=CARTESIAN_POINT('',(2.3,1.25,0.3));
#2287=CARTESIAN_POINT('Origin',(2.3,0.299999999999999,0.5));
#2288=CARTESIAN_POINT('',(2.5,1.5,0.5));
#2289=CARTESIAN_POINT('',(2.5,1.25,0.5));
#2290=CARTESIAN_POINT('Origin',(2.3,1.7,0.5));
#2291=CARTESIAN_POINT('Origin',(2.96,0.75,0.5));
#2292=CARTESIAN_POINT('',(2.96,0.3,0.3));
#2293=CARTESIAN_POINT('Origin',(2.96,0.3,0.5));
#2294=CARTESIAN_POINT('',(2.96,1.7,0.3));
#2295=CARTESIAN_POINT('',(2.96,0.75,0.3));
#2296=CARTESIAN_POINT('Origin',(2.96,1.7,0.5));
#2297=CARTESIAN_POINT('Origin',(2.375,0.3,0.5));
#2298=CARTESIAN_POINT('',(2.375,0.3,0.3));
#2299=CARTESIAN_POINT('Origin',(2.505,1.7,0.5));
#2300=CARTESIAN_POINT('',(2.505,1.7,0.3));
#2301=CARTESIAN_POINT('',(2.505,1.5,0.5));
#2302=CARTESIAN_POINT('Origin',(2.25,1.,0.3));
#2303=CARTESIAN_POINT('',(0.,2.,0.3));
#2304=CARTESIAN_POINT('',(0.,0.,0.3));
#2305=CARTESIAN_POINT('',(0.,2.,0.3));
#2306=CARTESIAN_POINT('',(4.5,0.,0.3));
#2307=CARTESIAN_POINT('',(0.,0.,0.3));
#2308=CARTESIAN_POINT('',(4.5,2.,0.3));
#2309=CARTESIAN_POINT('',(4.5,0.,0.3));
#2310=CARTESIAN_POINT('',(4.5,2.,0.3));
#2311=CARTESIAN_POINT('',(2.2,0.3,0.3));
#2312=CARTESIAN_POINT('',(2.2,0.75,0.3));
#2313=CARTESIAN_POINT('',(1.54,0.3,0.3));
#2314=CARTESIAN_POINT('',(1.995,0.3,0.3));
#2315=CARTESIAN_POINT('',(1.54,1.25,0.3));
#2316=CARTESIAN_POINT('',(0.848425,0.4,0.3));
#2317=CARTESIAN_POINT('Origin',(0.75,0.4,0.3));
#2318=CARTESIAN_POINT('',(3.848425,0.4,0.3));
#2319=CARTESIAN_POINT('Origin',(3.75,0.4,0.3));
#2320=CARTESIAN_POINT('',(0.848425,1.6,0.3));
#2321=CARTESIAN_POINT('Origin',(0.75,1.6,0.3));
#2322=CARTESIAN_POINT('',(3.848425,1.6,0.3));
#2323=CARTESIAN_POINT('Origin',(3.75,1.6,0.3));
#2324=CARTESIAN_POINT('Origin',(2.2,0.75,0.5));
#2325=CARTESIAN_POINT('Origin',(2.2,0.3,0.5));
#2326=CARTESIAN_POINT('Origin',(1.995,0.3,0.5));
#2327=CARTESIAN_POINT('',(1.74,0.5,0.5));
#2328=CARTESIAN_POINT('',(1.995,0.5,0.5));
#2329=CARTESIAN_POINT('Origin',(1.54,0.3,0.5));
#2330=CARTESIAN_POINT('Origin',(1.74,0.5,0.3));
#2331=CARTESIAN_POINT('',(1.74,0.5,0.3));
#2332=CARTESIAN_POINT('Origin',(1.54,1.25,0.5));
#2333=CARTESIAN_POINT('',(1.74,1.25,0.5));
#2334=CARTESIAN_POINT('Origin',(1.74,1.5,0.3));
#2335=CARTESIAN_POINT('',(1.74,0.941,3.17315478507298));
#2336=CARTESIAN_POINT('Origin',(1.74,1.,3.17315478507298));
#2337=CARTESIAN_POINT('',(1.74,0.941,4.17315478507298));
#2338=CARTESIAN_POINT('Origin',(1.74,1.,4.17315478507298));
#2339=CARTESIAN_POINT('',(1.74,0.941,2.17315478507298));
#2340=CARTESIAN_POINT('Origin',(1.74,1.,2.17315478507298));
#2341=CARTESIAN_POINT('',(1.74,0.940945,5.17315478507298));
#2342=CARTESIAN_POINT('Origin',(1.74,1.,5.17315478507298));
#2343=CARTESIAN_POINT('',(1.74,0.941,1.17315478507298));
#2344=CARTESIAN_POINT('Origin',(1.74,1.,1.17315478507298));
#2345=CARTESIAN_POINT('Origin',(0.75,0.4,0.3));
#2346=CARTESIAN_POINT('',(0.848425,0.4,0.));
#2347=CARTESIAN_POINT('',(0.848425,0.4,0.3));
#2348=CARTESIAN_POINT('Origin',(0.75,0.4,0.));
#2349=CARTESIAN_POINT('Origin',(3.75,0.4,0.3));
#2350=CARTESIAN_POINT('',(3.848425,0.4,0.));
#2351=CARTESIAN_POINT('',(3.848425,0.4,0.3));
#2352=CARTESIAN_POINT('Origin',(3.75,0.4,0.));
#2353=CARTESIAN_POINT('Origin',(0.75,1.6,0.3));
#2354=CARTESIAN_POINT('',(0.848425,1.6,0.));
#2355=CARTESIAN_POINT('',(0.848425,1.6,0.3));
#2356=CARTESIAN_POINT('Origin',(0.75,1.6,0.));
#2357=CARTESIAN_POINT('Origin',(3.75,1.6,0.3));
#2358=CARTESIAN_POINT('',(3.848425,1.6,0.));
#2359=CARTESIAN_POINT('',(3.848425,1.6,0.3));
#2360=CARTESIAN_POINT('Origin',(3.75,1.6,0.));
#2361=CARTESIAN_POINT('Origin',(2.76,1.,3.17315478507298));
#2362=CARTESIAN_POINT('',(2.76,0.941,3.17315478507298));
#2363=CARTESIAN_POINT('Origin',(2.76,1.,3.17315478507298));
#2364=CARTESIAN_POINT('',(2.5,0.941,3.17315478507298));
#2365=CARTESIAN_POINT('',(2.76,0.941,3.17315478507298));
#2366=CARTESIAN_POINT('Origin',(2.5,1.,3.17315478507298));
#2367=CARTESIAN_POINT('Origin',(2.76,1.,4.17315478507298));
#2368=CARTESIAN_POINT('',(2.76,0.941,4.17315478507298));
#2369=CARTESIAN_POINT('Origin',(2.76,1.,4.17315478507298));
#2370=CARTESIAN_POINT('',(2.5,0.941,4.17315478507298));
#2371=CARTESIAN_POINT('',(2.76,0.941,4.17315478507298));
#2372=CARTESIAN_POINT('Origin',(2.5,1.,4.17315478507298));
#2373=CARTESIAN_POINT('Origin',(2.76,1.,2.17315478507298));
#2374=CARTESIAN_POINT('',(2.76,0.941,2.17315478507298));
#2375=CARTESIAN_POINT('Origin',(2.76,1.,2.17315478507298));
#2376=CARTESIAN_POINT('',(2.5,0.941,2.17315478507298));
#2377=CARTESIAN_POINT('',(2.76,0.941,2.17315478507298));
#2378=CARTESIAN_POINT('Origin',(2.5,1.,2.17315478507298));
#2379=CARTESIAN_POINT('Origin',(2.76,1.,5.17315478507298));
#2380=CARTESIAN_POINT('',(2.76,0.940945,5.17315478507298));
#2381=CARTESIAN_POINT('Origin',(2.76,1.,5.17315478507298));
#2382=CARTESIAN_POINT('',(2.5,0.940945,5.17315478507298));
#2383=CARTESIAN_POINT('',(2.76,0.940945,5.17315478507298));
#2384=CARTESIAN_POINT('Origin',(2.5,1.,5.17315478507298));
#2385=CARTESIAN_POINT('Origin',(2.76,1.,1.17315478507298));
#2386=CARTESIAN_POINT('',(2.76,0.941,1.17315478507298));
#2387=CARTESIAN_POINT('Origin',(2.76,1.,1.17315478507298));
#2388=CARTESIAN_POINT('',(2.5,0.941,1.17315478507298));
#2389=CARTESIAN_POINT('',(2.76,0.941,1.17315478507298));
#2390=CARTESIAN_POINT('Origin',(2.5,1.,1.17315478507298));
#2391=CARTESIAN_POINT('Origin',(2.5,1.5,0.3));
#2392=CARTESIAN_POINT('',(2.5,1.5,0.3));
#2393=CARTESIAN_POINT('Origin',(2.76,1.5,0.3));
#2394=CARTESIAN_POINT('Origin',(4.5,2.,0.));
#2395=CARTESIAN_POINT('',(4.5,2.,0.));
#2396=CARTESIAN_POINT('',(0.,2.,0.));
#2397=CARTESIAN_POINT('',(4.5,2.,0.));
#2398=CARTESIAN_POINT('',(0.,2.,0.));
#2399=CARTESIAN_POINT('',(4.5,2.,0.));
#2400=CARTESIAN_POINT('Origin',(4.5,0.,0.));
#2401=CARTESIAN_POINT('',(4.5,0.,0.));
#2402=CARTESIAN_POINT('',(4.5,0.,0.));
#2403=CARTESIAN_POINT('',(4.5,0.,0.));
#2404=CARTESIAN_POINT('Origin',(0.,0.,0.));
#2405=CARTESIAN_POINT('',(0.,0.,0.));
#2406=CARTESIAN_POINT('',(0.,0.,0.));
#2407=CARTESIAN_POINT('',(0.,0.,0.));
#2408=CARTESIAN_POINT('Origin',(0.,2.,0.));
#2409=CARTESIAN_POINT('',(0.,2.,0.));
#2410=CARTESIAN_POINT('Origin',(2.25,1.,0.));
#2411=CARTESIAN_POINT('',(2.5,1.,4.17315478507298));
#2412=CARTESIAN_POINT('',(0.,0.,0.));
#2413=UNCERTAINTY_MEASURE_WITH_UNIT(LENGTH_MEASURE(0.000393700787401575),
#2422,'DISTANCE_ACCURACY_VALUE',
'Maximum model space distance between geometric entities at asserted c
onnectivities');
#2414=UNCERTAINTY_MEASURE_WITH_UNIT(LENGTH_MEASURE(0.000393700787401575),
#2422,'DISTANCE_ACCURACY_VALUE',
'Maximum model space distance between geometric entities at asserted c
onnectivities');
#2415=UNCERTAINTY_MEASURE_WITH_UNIT(LENGTH_MEASURE(0.000393700787401575),
#2422,'DISTANCE_ACCURACY_VALUE',
'Maximum model space distance between geometric entities at asserted c
onnectivities');
#2416=UNCERTAINTY_MEASURE_WITH_UNIT(LENGTH_MEASURE(0.000393700787401575),
#2422,'DISTANCE_ACCURACY_VALUE',
'Maximum model space distance between geometric entities at asserted c
onnectivities');
#2417=(
GEOMETRIC_REPRESENTATION_CONTEXT(3)
GLOBAL_UNCERTAINTY_ASSIGNED_CONTEXT((#2413))
GLOBAL_UNIT_ASSIGNED_CONTEXT((#2422,#2426,#2427))
REPRESENTATION_CONTEXT('','3D')
);
#2418=(
GEOMETRIC_REPRESENTATION_CONTEXT(3)
GLOBAL_UNCERTAINTY_ASSIGNED_CONTEXT((#2414))
GLOBAL_UNIT_ASSIGNED_CONTEXT((#2422,#2426,#2427))
REPRESENTATION_CONTEXT('','3D')
);
#2419=(
GEOMETRIC_REPRESENTATION_CONTEXT(3)
GLOBAL_UNCERTAINTY_ASSIGNED_CONTEXT((#2415))
GLOBAL_UNIT_ASSIGNED_CONTEXT((#2422,#2426,#2427))
REPRESENTATION_CONTEXT('','3D')
);
#2420=(
GEOMETRIC_REPRESENTATION_CONTEXT(3)
GLOBAL_UNCERTAINTY_ASSIGNED_CONTEXT((#2416))
GLOBAL_UNIT_ASSIGNED_CONTEXT((#2422,#2426,#2427))
REPRESENTATION_CONTEXT('','3D')
);
#2421=DIMENSIONAL_EXPONENTS(1.,0.,0.,0.,0.,0.,0.);
#2422=(
CONVERSION_BASED_UNIT('inch',#2425)
LENGTH_UNIT()
NAMED_UNIT(#2421)
);
#2423=(
LENGTH_UNIT()
NAMED_UNIT(*)
SI_UNIT(.MILLI.,.METRE.)
);
#2424=(
LENGTH_UNIT()
NAMED_UNIT(*)
SI_UNIT($,.METRE.)
);
#2425=LENGTH_MEASURE_WITH_UNIT(LENGTH_MEASURE(25.4),#2423);
#2426=(
NAMED_UNIT(*)
PLANE_ANGLE_UNIT()
SI_UNIT($,.RADIAN.)
);
#2427=(
NAMED_UNIT(*)
SI_UNIT($,.STERADIAN.)
SOLID_ANGLE_UNIT()
);
#2428=SHAPE_DEFINITION_REPRESENTATION(#2431,#2436);
#2429=SHAPE_DEFINITION_REPRESENTATION(#2432,#2437);
#2430=SHAPE_DEFINITION_REPRESENTATION(#2433,#2438);
#2431=PRODUCT_DEFINITION_SHAPE('',$,#2440);
#2432=PRODUCT_DEFINITION_SHAPE('',$,#2441);
#2433=PRODUCT_DEFINITION_SHAPE('',$,#2442);
#2434=PRODUCT_DEFINITION_SHAPE($,$,#17);
#2435=PRODUCT_DEFINITION_SHAPE($,$,#18);
#2436=SHAPE_REPRESENTATION('',(#1385,#1529,#1530),#2417);
#2437=SHAPE_REPRESENTATION('',(#1386),#2418);
#2438=SHAPE_REPRESENTATION('',(#1450),#2419);
#2439=PRODUCT_DEFINITION_CONTEXT('part definition',#2450,'design');
#2440=PRODUCT_DEFINITION('2026-08-12-17-42-47-115',
'MAE148_Titlted_Camera_Assembly',#2443,#2439);
#2441=PRODUCT_DEFINITION('2026-08-12-16-34-56-645',
'MAE148_Titlted_Camera_Wheel',#2444,#2439);
#2442=PRODUCT_DEFINITION('2026-08-11-20-06-07-962',
'MAE148_Titlted_Camera',#2445,#2439);
#2443=PRODUCT_DEFINITION_FORMATION('',$,#2452);
#2444=PRODUCT_DEFINITION_FORMATION('',$,#2453);
#2445=PRODUCT_DEFINITION_FORMATION('',$,#2454);
#2446=PRODUCT_RELATED_PRODUCT_CATEGORY('MAE148_Titlted_Camera_Assembly',
'MAE148_Titlted_Camera_Assembly',(#2452));
#2447=PRODUCT_RELATED_PRODUCT_CATEGORY('MAE148_Titlted_Camera_Wheel',
'MAE148_Titlted_Camera_Wheel',(#2453));
#2448=PRODUCT_RELATED_PRODUCT_CATEGORY('MAE148_Titlted_Camera',
'MAE148_Titlted_Camera',(#2454));
#2449=APPLICATION_PROTOCOL_DEFINITION('international standard',
'automotive_design',2009,#2450);
#2450=APPLICATION_CONTEXT(
'Core Data for Automotive Mechanical Design Process');
#2451=PRODUCT_CONTEXT('part definition',#2450,'mechanical');
#2452=PRODUCT('2026-08-12-17-42-47-115',
'MAE148_Titlted_Camera_Assembly',$,(#2451));
#2453=PRODUCT('2026-08-12-16-34-56-645','MAE148_Titlted_Camera_Wheel',$,
(#2451));
#2454=PRODUCT('2026-08-11-20-06-07-962','MAE148_Titlted_Camera',$,(#2451));
#2455=PRESENTATION_STYLE_ASSIGNMENT((#2456));
#2456=SURFACE_STYLE_USAGE(.BOTH.,#2457);
#2457=SURFACE_SIDE_STYLE('',(#2458));
#2458=SURFACE_STYLE_FILL_AREA(#2459);
#2459=FILL_AREA_STYLE('Steel - Satin',(#2460));
#2460=FILL_AREA_STYLE_COLOUR('Steel - Satin',#2461);
#2461=COLOUR_RGB('Steel - Satin',0.627450980392157,0.627450980392157,0.627450980392157);
ENDSEC;
END-ISO-10303-21;
